Nom;Section;operations;Poids;Montant
1-VIANDE TAJINE;"1-VIANDE ROUGE  
";6;5,49;603,9
2-VIANDE HACHEE NATURE  ;"1-VIANDE ROUGE  
";CODE_COMM;--> AHMED;
48476;26/07/2024;506;CUISSE POIVRE;
48476;26/07/2024;33;EPAULE AGN;
48476;26/07/2024;3940;KHLI3.RIGIM/500KG;
48477;26/07/2024;15;EPAULE DE BF;
48478;26/07/2024;509;SUPREME;
48478;26/07/2024;501;EDAM;
48478;26/07/2024;506;CUISSE POIVRE;
48479;26/07/2024;501;EDAM;
48479;26/07/2024;516;MORTADELLE;
48480;26/07/2024;618;STEAK BROCHETTE FILET  MARINE;
48480;26/07/2024;15;EPAULE DE BF;
48481;26/07/2024;15;EPAULE DE BF;
48481;26/07/2024;33;EPAULE AGN;
48482;26/07/2024;625;POULET ENTIER;
48483;26/07/2024;4;VIANDE HACHEE;
48484;26/07/2024;55;STEAK HACHEE NATURE;
48485;26/07/2024;15;EPAULE DE BF;
48486;26/07/2024;3;SAUCISSE BF;
48486;26/07/2024;4;VIANDE HACHEE;
48487;26/07/2024;612;SHAWARMA;
48487;26/07/2024;4;VIANDE HACHEE;
48488;26/07/2024;4;VIANDE HACHEE;
48489;26/07/2024;1;VIANDE TAJINE;
48490;26/07/2024;601;FILET DE POULET NATURE;
48490;26/07/2024;4;VIANDE HACHEE;
48491;26/07/2024;33;EPAULE AGN;
48492;26/07/2024;615;SAUCIISE DE PLT;
48492;26/07/2024;601;FILET DE POULET NATURE;
48493;26/07/2024;2;VIANDE HACHEE NATURE;
48493;26/07/2024;15;EPAULE DE BF;
48494;26/07/2024;605;PILON PLT MARINEE;
48495;26/07/2024;1174;TACOS MIXTE;
48495;26/07/2024;2376;--> TACOS;
48495;26/07/2024;4360;--> ALGERIENNE;
48496;26/07/2024;1174;TACOS MIXTE;
48496;26/07/2024;2376;--> TACOS;
48496;26/07/2024;10000;--> BIGGY;
48496;26/07/2024;1174;TACOS MIXTE;
48496;26/07/2024;2376;--> TACOS;
48496;26/07/2024;10000;--> BIGGY;
48496;26/07/2024;70240;FRITE;
48496;26/07/2024;70240;FRITE;
48497;26/07/2024;1174;TACOS MIXTE;
48497;26/07/2024;2376;--> TACOS;
48497;26/07/2024;10000;--> BIGGY;
48498;26/07/2024;70227;SANDWICH VIANDE HACHEE;
48499;26/07/2024;801;TIHANE VARIE;
48499;26/07/2024;4;VIANDE HACHEE;
48500;26/07/2024;9053;TACOS VIANDE HACHEE;
48500;26/07/2024;2376;--> TACOS;
48500;26/07/2024;CODE_COMM;--> ss sauce;
48500;26/07/2024;CODE_COMM;--> ss frite;
48501;26/07/2024;5617;TACOS POULET;
48501;26/07/2024;2376;--> TACOS;
48501;26/07/2024;4360;--> ALGERIENNE;
48501;26/07/2024;6310;--> BBQ;
48502;26/07/2024;4;VIANDE HACHEE;
48503;26/07/2024;9053;TACOS VIANDE HACHEE;
48503;26/07/2024;2376;--> TACOS;
48503;26/07/2024;4360;--> ALGERIENNE;
48503;26/07/2024;9053;TACOS VIANDE HACHEE;
48503;26/07/2024;2376;--> TACOS;
48503;26/07/2024;4360;--> ALGERIENNE;
48503;26/07/2024;1174;TACOS MIXTE;
48503;26/07/2024;2376;--> TACOS;
48503;26/07/2024;4360;--> ALGERIENNE;
48503;26/07/2024;9053;TACOS VIANDE HACHEE;
48503;26/07/2024;2376;--> TACOS;
48503;26/07/2024;4360;--> ALGERIENNE;
48504;26/07/2024;175;COUT GRILLADE;
48504;26/07/2024;19;COTLETTE AGN;
48504;26/07/2024;4;VIANDE HACHEE;
48504;26/07/2024;3;SAUCISSE BF;
48504;26/07/2024;CODE_COMM;--> GR N° 21;
48504;26/07/2024;7798;THE MOYEN;
48504;26/07/2024;4719;EAU MINERAL 1L;
48505;26/07/2024;15;EPAULE DE BF;
48506;26/07/2024;506;CUISSE POIVRE;
48507;26/07/2024;618;STEAK BROCHETTE FILET  MARINE;
48508;26/07/2024;515;SALAMI DE BF;
48508;26/07/2024;612;SHAWARMA;
48508;26/07/2024;1;VIANDE TAJINE;
48509;26/07/2024;615;SAUCIISE DE PLT;
48510;26/07/2024;1174;TACOS MIXTE;
48510;26/07/2024;2376;--> TACOS;
48510;26/07/2024;4360;--> ALGERIENNE;
48510;26/07/2024;6152;--> TARTAR;
48510;26/07/2024;70240;FRITE;
48510;26/07/2024;CODE_COMM;--> a emporter;
48511;26/07/2024;1174;TACOS MIXTE;
48511;26/07/2024;2376;--> TACOS;
48511;26/07/2024;4360;--> ALGERIENNE;
48512;26/07/2024;4;VIANDE HACHEE;
48513;26/07/2024;70223;SANDWICH SAUCISSE;
48513;26/07/2024;70227;SANDWICH VIANDE HACHEE;
48513;26/07/2024;4754;SANDWICH MIX;
48513;26/07/2024;70240;FRITE;
48513;26/07/2024;70240;FRITE;
48514;26/07/2024;14;FAUX FILET;
48515;26/07/2024;612;SHAWARMA;
48516;26/07/2024;608;PASTELLE/ROULEAUX PLT;
48517;26/07/2024;4;VIANDE HACHEE;
48517;26/07/2024;601;FILET DE POULET NATURE;
48518;26/07/2024;15;EPAULE DE BF;
48519;26/07/2024;70223;SANDWICH SAUCISSE;
48520;26/07/2024;517;MORTADELLE PANACHE;
48521;26/07/2024;70227;SANDWICH VIANDE HACHEE;
48521;26/07/2024;70221;SANDWICH POULET;
48521;26/07/2024;3589;TACOS SAUCISSE;
48521;26/07/2024;2376;--> TACOS;
48521;26/07/2024;4360;--> ALGERIENNE;
48521;26/07/2024;70240;FRITE;
48522;26/07/2024;175;COUT GRILLADE;
48522;26/07/2024;618;STEAK BROCHETTE FILET  MARINE;
48522;26/07/2024;CODE_COMM;--> GR N° 17;
48522;26/07/2024;8857;THE;
48522;26/07/2024;CODE_COMM;--> MSOSE;
48523;26/07/2024;175;COUT GRILLADE;
48523;26/07/2024;9;FOIE DE BF;
48523;26/07/2024;4;VIANDE HACHEE;
48523;26/07/2024;605;PILON PLT MARINEE;
48523;26/07/2024;175;COUT GRILLADE;
48524;26/07/2024;5617;TACOS POULET;
48524;26/07/2024;5617;TACOS POULET;
48524;26/07/2024;2376;--> TACOS;
48524;26/07/2024;CODE_COMM;--> bzouj biggy;
48524;26/07/2024;CODE_COMM;--> wahed ss frite;
48524;26/07/2024;CODE_COMM;--> a emporter;
48524;26/07/2024;604;PILON NATURE;
48524;26/07/2024;601;FILET DE POULET NATURE;
48525;26/07/2024;70227;SANDWICH VIANDE HACHEE;
48525;26/07/2024;CODE_COMM;--> ktr sauce;
48526;26/07/2024;3589;TACOS SAUCISSE;
48526;26/07/2024;3589;TACOS SAUCISSE;
48526;26/07/2024;2376;--> TACOS;
48526;26/07/2024;10000;--> BIGGY;
48526;26/07/2024;1174;TACOS MIXTE;
48526;26/07/2024;2376;--> TACOS;
48526;26/07/2024;4360;--> ALGERIENNE;
48526;26/07/2024;1174;TACOS MIXTE;
48526;26/07/2024;2376;--> TACOS;
48526;26/07/2024;10000;--> BIGGY;
48527;26/07/2024;70239;TAGINE FOIE;
48527;26/07/2024;8424;1/4 POULET;
48528;26/07/2024;70223;SANDWICH SAUCISSE;
48528;26/07/2024;70223;SANDWICH SAUCISSE;
48528;26/07/2024;CODE_COMM;--> ss garniture;
48528;26/07/2024;70240;FRITE;
48529;26/07/2024;5617;TACOS POULET;
48529;26/07/2024;2376;--> TACOS;
48529;26/07/2024;4360;--> ALGERIENNE;
48530;26/07/2024;4762;SANDWICH MIX;
48530;26/07/2024;CODE_COMM;--> glo;
48531;26/07/2024;4;VIANDE HACHEE;
48532;26/07/2024;175;COUT GRILLADE;
48532;26/07/2024;605;PILON PLT MARINEE;
48532;26/07/2024;615;SAUCIISE DE PLT;
48532;26/07/2024;610;CHICHE KEBAB PLT;
48532;26/07/2024;618;STEAK BROCHETTE FILET  MARINE;
48532;26/07/2024;70240;FRITE;
48533;26/07/2024;4;VIANDE HACHEE;
48534;26/07/2024;625;POULET ENTIER;
48534;26/07/2024;601;FILET DE POULET NATURE;
48535;26/07/2024;70223;SANDWICH SAUCISSE;
48536;26/07/2024;501;EDAM;
48537;26/07/2024;175;COUT GRILLADE;
48537;26/07/2024;618;STEAK BROCHETTE FILET  MARINE;
48537;26/07/2024;12;BROCHETTE DE BF;
48537;26/07/2024;CODE_COMM;--> GR N° 10;
48537;26/07/2024;7631;SODA 1L/EAU GAZEUSE 1L;
48538;26/07/2024;70227;SANDWICH VIANDE HACHEE;
48538;26/07/2024;CODE_COMM;--> omar;
48539;26/07/2024;6852;SANDWICH TIHANE;
48539;26/07/2024;70225;SANDWICH FOIE;
48539;26/07/2024;70221;SANDWICH POULET;
48540;26/07/2024;2;VIANDE HACHEE NATURE;
48540;26/07/2024;618;STEAK BROCHETTE FILET  MARINE;
48540;26/07/2024;618;STEAK BROCHETTE FILET  MARINE;
48541;26/07/2024;3;SAUCISSE BF;
48541;26/07/2024;175;COUT GRILLADE;
48541;26/07/2024;618;STEAK BROCHETTE FILET  MARINE;
48542;26/07/2024;4;VIANDE HACHEE;
48543;26/07/2024;175;COUT GRILLADE;
48543;26/07/2024;14;FAUX FILET;
48543;26/07/2024;3;SAUCISSE BF;
48543;26/07/2024;4;VIANDE HACHEE;
48543;26/07/2024;CODE_COMM;--> GR N° 4;
48543;26/07/2024;8857;THE;
48544;26/07/2024;501;EDAM;
48545;26/07/2024;603;AILES DE PLTS MARINEE;
48546;26/07/2024;9053;TACOS VIANDE HACHEE;
48546;26/07/2024;2376;--> TACOS;
48546;26/07/2024;4360;--> ALGERIENNE;
48547;26/07/2024;1174;TACOS MIXTE;
48547;26/07/2024;2376;--> TACOS;
48547;26/07/2024;4360;--> ALGERIENNE;
48547;26/07/2024;10000;--> BIGGY;
48547;26/07/2024;1174;TACOS MIXTE;
48547;26/07/2024;2376;--> TACOS;
48547;26/07/2024;10000;--> BIGGY;
48547;26/07/2024;7631;SODA 1L/EAU GAZEUSE 1L;
48548;26/07/2024;4754;SANDWICH MIX;
48549;26/07/2024;70227;SANDWICH VIANDE HACHEE;
48549;26/07/2024;70240;FRITE;
48549;26/07/2024;70227;SANDWICH VIANDE HACHEE;
48549;26/07/2024;8857;THE;
48550;26/07/2024;5617;TACOS POULET;
48550;26/07/2024;2376;--> TACOS;
48550;26/07/2024;10000;--> BIGGY;
48551;26/07/2024;55;STEAK HACHEE NATURE;
48552;26/07/2024;5617;TACOS POULET;
48552;26/07/2024;2376;--> TACOS;
48552;26/07/2024;10000;--> BIGGY;
48552;26/07/2024;5648;SODA 25CL/EAU GAZEUSSE;
48553;26/07/2024;9053;TACOS VIANDE HACHEE;
48553;26/07/2024;2376;--> TACOS;
48553;26/07/2024;10000;--> BIGGY;
48553;26/07/2024;70240;FRITE;
48553;26/07/2024;CODE_COMM;--> sauce moutard a part;
48554;26/07/2024;612;SHAWARMA;
48555;26/07/2024;1174;TACOS MIXTE;
48555;26/07/2024;2376;--> TACOS;
48555;26/07/2024;4360;--> ALGERIENNE;
48556;26/07/2024;175;COUT GRILLADE;
48556;26/07/2024;4;VIANDE HACHEE;
48557;26/07/2024;9053;TACOS VIANDE HACHEE;
48557;26/07/2024;2376;--> TACOS;
48557;26/07/2024;CODE_COMM;--> samouray;
48558;26/07/2024;9053;TACOS VIANDE HACHEE;
48558;26/07/2024;2376;--> TACOS;
48558;26/07/2024;4360;--> ALGERIENNE;
48559;26/07/2024;614;CORDON BLEU;
48559;26/07/2024;3;SAUCISSE BF;
48559;26/07/2024;4;VIANDE HACHEE;
48559;26/07/2024;506;CUISSE POIVRE;
48560;26/07/2024;70227;SANDWICH VIANDE HACHEE;
48560;26/07/2024;70240;FRITE;
48561;26/07/2024;175;COUT GRILLADE;
48561;26/07/2024;100;CERVELLE AGN;
48561;26/07/2024;602;SAUCISSE DE FOIE PLT;
48561;26/07/2024;608;PASTELLE/ROULEAUX PLT;
48561;26/07/2024;CODE_COMM;--> GR N° 4;
48562;26/07/2024;70222;SANDWICH VIANDE;
48562;26/07/2024;70240;FRITE;
48563;26/07/2024;4;VIANDE HACHEE;
48564;26/07/2024;9053;TACOS VIANDE HACHEE;
48564;26/07/2024;2376;--> TACOS;
48564;26/07/2024;10000;--> BIGGY;
48564;26/07/2024;CODE_COMM;--> ss fromage;
48565;26/07/2024;9053;TACOS VIANDE HACHEE;
48565;26/07/2024;2376;--> TACOS;
48565;26/07/2024;10000;--> BIGGY;
48566;26/07/2024;5617;TACOS POULET;
48566;26/07/2024;2376;--> TACOS;
48566;26/07/2024;4360;--> ALGERIENNE;
48566;26/07/2024;70240;FRITE;
48566;26/07/2024;5648;SODA 25CL/EAU GAZEUSSE;
48567;26/07/2024;9053;TACOS VIANDE HACHEE;
48567;26/07/2024;2376;--> TACOS;
48567;26/07/2024;4360;--> ALGERIENNE;
48567;26/07/2024;70240;FRITE;
48568;26/07/2024;5617;TACOS POULET;
48568;26/07/2024;2376;--> TACOS;
48568;26/07/2024;10000;--> BIGGY;
48568;26/07/2024;5617;TACOS POULET;
48568;26/07/2024;2376;--> TACOS;
48568;26/07/2024;10000;--> BIGGY;
48568;26/07/2024;70221;SANDWICH POULET;
48568;26/07/2024;70240;FRITE;
48568;26/07/2024;7631;SODA 1L/EAU GAZEUSE 1L;
48568;26/07/2024;5648;SODA 25CL/EAU GAZEUSSE;
48569;26/07/2024;5617;TACOS POULET;
48569;26/07/2024;2376;--> TACOS;
48569;26/07/2024;4360;--> ALGERIENNE;
48569;26/07/2024;70240;FRITE;
48570;26/07/2024;175;COUT GRILLADE;
48570;26/07/2024;601;FILET DE POULET NATURE;
48571;26/07/2024;9053;TACOS VIANDE HACHEE;
48571;26/07/2024;2376;--> TACOS;
48571;26/07/2024;4360;--> ALGERIENNE;
48571;26/07/2024;9053;TACOS VIANDE HACHEE;
48571;26/07/2024;2376;--> TACOS;
48571;26/07/2024;4360;--> ALGERIENNE;
48572;26/07/2024;3589;TACOS SAUCISSE;
48572;26/07/2024;2376;--> TACOS;
48572;26/07/2024;4360;--> ALGERIENNE;
48572;26/07/2024;5648;SODA 25CL/EAU GAZEUSSE;
48573;26/07/2024;626;FOIE DE POULET;
48573;26/07/2024;3;SAUCISSE BF;
48574;26/07/2024;4;VIANDE HACHEE;
48574;26/07/2024;3;SAUCISSE BF;
48575;26/07/2024;175;COUT GRILLADE;
48575;26/07/2024;4;VIANDE HACHEE;
48575;26/07/2024;CODE_COMM;--> GR N° 24;
48575;26/07/2024;5648;SODA 25CL/EAU GAZEUSSE;
48576;26/07/2024;618;STEAK BROCHETTE FILET  MARINE;
48576;26/07/2024;616;BOULETTE FROMAGE PLT;
48577;26/07/2024;9053;TACOS VIANDE HACHEE;
48577;26/07/2024;2376;--> TACOS;
48577;26/07/2024;10000;--> BIGGY;
48577;26/07/2024;70240;FRITE;
48578;26/07/2024;70221;SANDWICH POULET;
48578;26/07/2024;70240;FRITE;
48579;26/07/2024;611;NUGGETS;
48579;26/07/2024;614;CORDON BLEU;
48579;26/07/2024;614;CORDON BLEU;
48580;26/07/2024;70238;TAGINE CERVEILLE;
48580;26/07/2024;70223;SANDWICH SAUCISSE;
48580;26/07/2024;70240;FRITE;
48580;26/07/2024;3740;RIZ;
48580;26/07/2024;CODE_COMM;--> saucisse epinard;
48581;26/07/2024;501;EDAM;
48581;26/07/2024;4;VIANDE HACHEE;
48582;26/07/2024;33;EPAULE AGN;
48582;26/07/2024;615;SAUCIISE DE PLT;
48582;26/07/2024;501;EDAM;
48583;26/07/2024;3740;RIZ;
48583;26/07/2024;70240;FRITE;
48584;26/07/2024;501;EDAM;
48585;26/07/2024;1174;TACOS MIXTE;
48585;26/07/2024;2376;--> TACOS;
48585;26/07/2024;10000;--> BIGGY;
48585;26/07/2024;1174;TACOS MIXTE;
48585;26/07/2024;2376;--> TACOS;
48585;26/07/2024;4360;--> ALGERIENNE;
48585;26/07/2024;3355;ZAALOK;
48586;26/07/2024;559;PEPPERONI DE DINDE;
48587;26/07/2024;1174;TACOS MIXTE;
48587;26/07/2024;2376;--> TACOS;
48587;26/07/2024;CODE_COMM;--> ss sauce;
48587;26/07/2024;CODE_COMM;--> alg et bbq separe;
48587;26/07/2024;70240;FRITE;
48588;26/07/2024;9053;TACOS VIANDE HACHEE;
48588;26/07/2024;2376;--> TACOS;
48588;26/07/2024;10000;--> BIGGY;
48589;26/07/2024;5648;SODA 25CL/EAU GAZEUSSE;
48590;26/07/2024;4;VIANDE HACHEE;
48590;26/07/2024;3;SAUCISSE BF;
48591;26/07/2024;315;SAND VIANDE;
48591;26/07/2024;1937;FRITE;
48591;26/07/2024;5486;SAND POULET;
48591;26/07/2024;1937;FRITE;
48591;26/07/2024;CODE_COMM;--> glo;
48592;26/07/2024;618;STEAK BROCHETTE FILET  MARINE;
48592;26/07/2024;4;VIANDE HACHEE;
48592;26/07/2024;175;COUT GRILLADE;
48593;26/07/2024;5944;TACOS V HACHEE;
48593;26/07/2024;2376;--> TACOS;
48593;26/07/2024;4360;--> ALGERIENNE;
48593;26/07/2024;1937;FRITE;
48593;26/07/2024;CODE_COMM;--> glo;
48594;26/07/2024;9053;TACOS VIANDE HACHEE;
48594;26/07/2024;2376;--> TACOS;
48594;26/07/2024;10000;--> BIGGY;
48594;26/07/2024;CODE_COMM;--> ss fromage;
48594;26/07/2024;70240;FRITE;
48595;26/07/2024;9053;TACOS VIANDE HACHEE;
48595;26/07/2024;2376;--> TACOS;
48595;26/07/2024;4360;--> ALGERIENNE;
48595;26/07/2024;3589;TACOS SAUCISSE;
48595;26/07/2024;2376;--> TACOS;
48595;26/07/2024;5485;--> SHEEZY;
48595;26/07/2024;5648;SODA 25CL/EAU GAZEUSSE;
48595;26/07/2024;5648;SODA 25CL/EAU GAZEUSSE;
48596;26/07/2024;1174;TACOS MIXTE;
48596;26/07/2024;2376;--> TACOS;
48596;26/07/2024;10000;--> BIGGY;
48597;26/07/2024;6316;SAND SAUCISSE;
48597;26/07/2024;1937;FRITE;
48597;26/07/2024;5486;SAND POULET;
48597;26/07/2024;CODE_COMM;--> glo;
48598;26/07/2024;618;STEAK BROCHETTE FILET  MARINE;
48598;26/07/2024;4;VIANDE HACHEE;
48599;26/07/2024;3740;RIZ;
48599;26/07/2024;3740;RIZ;
48600;26/07/2024;612;SHAWARMA;
48601;26/07/2024;14;FAUX FILET;
48602;26/07/2024;70227;SANDWICH VIANDE HACHEE;
48603;26/07/2024;55;STEAK HACHEE NATURE;
48604;26/07/2024;175;COUT GRILLADE;
48604;26/07/2024;4;VIANDE HACHEE;
48604;26/07/2024;100;CERVELLE AGN;
48604;26/07/2024;3;SAUCISSE BF;
48604;26/07/2024;CODE_COMM;--> GR N° 11;
48604;26/07/2024;7798;THE MOYEN;
48604;26/07/2024;CODE_COMM;--> SOKARE BRA;
48605;26/07/2024;615;SAUCIISE DE PLT;
48606;26/07/2024;4;VIANDE HACHEE;
48607;26/07/2024;70221;SANDWICH POULET;
48607;26/07/2024;70223;SANDWICH SAUCISSE;
48607;26/07/2024;70240;FRITE;
48608;26/07/2024;5648;SODA 25CL/EAU GAZEUSSE;
48609;26/07/2024;3;SAUCISSE BF;
48609;26/07/2024;601;FILET DE POULET NATURE;
48610;26/07/2024;5617;TACOS POULET;
48610;26/07/2024;2376;--> TACOS;
48610;26/07/2024;10000;--> BIGGY;
48611;26/07/2024;15;EPAULE DE BF;
48611;26/07/2024;4;VIANDE HACHEE;
48611;26/07/2024;14;FAUX FILET;
48612;26/07/2024;9053;TACOS VIANDE HACHEE;
48612;26/07/2024;2376;--> TACOS;
48612;26/07/2024;4360;--> ALGERIENNE;
48612;26/07/2024;10000;--> BIGGY;
48613;26/07/2024;505;JAMBON FUME;
48614;26/07/2024;4;VIANDE HACHEE;
48614;26/07/2024;3;SAUCISSE BF;
48615;26/07/2024;70221;SANDWICH POULET;
48615;26/07/2024;CODE_COMM;--> ss laitue;
48616;26/07/2024;612;SHAWARMA;
48617;26/07/2024;70240;FRITE;
48618;26/07/2024;612;SHAWARMA;
48619;26/07/2024;5617;TACOS POULET;
48619;26/07/2024;2376;--> TACOS;
48619;26/07/2024;10000;--> BIGGY;
48620;26/07/2024;175;COUT GRILLADE;
48620;26/07/2024;608;PASTELLE/ROULEAUX PLT;
48620;26/07/2024;605;PILON PLT MARINEE;
48620;26/07/2024;CODE_COMM;--> GR N° 10;
48620;26/07/2024;8857;THE;
48620;26/07/2024;CODE_COMM;--> SS SUCRE;
48620;26/07/2024;3740;RIZ;
48621;26/07/2024;5748;L FAMILA;
48622;26/07/2024;1174;TACOS MIXTE;
48622;26/07/2024;2376;--> TACOS;
48622;26/07/2024;4360;--> ALGERIENNE;
48622;26/07/2024;70240;FRITE;
48623;26/07/2024;3589;TACOS SAUCISSE;
48623;26/07/2024;2376;--> TACOS;
48623;26/07/2024;4360;--> ALGERIENNE;
48624;26/07/2024;612;SHAWARMA;
48625;26/07/2024;3;SAUCISSE BF;
48625;26/07/2024;618;STEAK BROCHETTE FILET  MARINE;
48626;26/07/2024;4;VIANDE HACHEE;
48627;26/07/2024;33;EPAULE AGN;
48628;26/07/2024;70221;SANDWICH POULET;
48629;26/07/2024;626;FOIE DE POULET;
48630;26/07/2024;9053;TACOS VIANDE HACHEE;
48630;26/07/2024;2376;--> TACOS;
48630;26/07/2024;4360;--> ALGERIENNE;
48631;26/07/2024;5617;TACOS POULET;
48631;26/07/2024;2376;--> TACOS;
48631;26/07/2024;10000;--> BIGGY;
48631;26/07/2024;70240;FRITE;
48632;26/07/2024;1174;TACOS MIXTE;
48632;26/07/2024;2376;--> TACOS;
48632;26/07/2024;10000;--> BIGGY;
48632;26/07/2024;70240;FRITE;
48633;26/07/2024;15;EPAULE DE BF;
48634;26/07/2024;4754;SANDWICH MIX;
48634;26/07/2024;70240;FRITE;
48635;26/07/2024;4;VIANDE HACHEE;
48635;26/07/2024;19;COTLETTE AGN;
48635;26/07/2024;12;BROCHETTE DE BF;
48635;26/07/2024;3;SAUCISSE BF;
48635;26/07/2024;41;ROGNON BF/AGN;
48635;26/07/2024;175;COUT GRILLADE;
48635;26/07/2024;70238;TAGINE CERVEILLE;
48635;26/07/2024;CODE_COMM;--> GR N° 7;
48635;26/07/2024;3355;ZAALOK;
48635;26/07/2024;2430;SALADE;
48636;26/07/2024;175;COUT GRILLADE;
48636;26/07/2024;3;SAUCISSE BF;
48636;26/07/2024;4;VIANDE HACHEE;
48636;26/07/2024;CODE_COMM;--> GR N° 4;
48636;26/07/2024;70240;FRITE;
48637;26/07/2024;3589;TACOS SAUCISSE;
48637;26/07/2024;2376;--> TACOS;
48637;26/07/2024;4360;--> ALGERIENNE;
48637;26/07/2024;3589;TACOS SAUCISSE;
48637;26/07/2024;2376;--> TACOS;
48637;26/07/2024;10000;--> BIGGY;
48637;26/07/2024;70240;FRITE;
48638;26/07/2024;605;PILON PLT MARINEE;
48638;26/07/2024;4;VIANDE HACHEE;
48638;26/07/2024;175;COUT GRILLADE;
48638;26/07/2024;CODE_COMM;--> GR N° 14;
48638;26/07/2024;5648;SODA 25CL/EAU GAZEUSSE;
48638;26/07/2024;5648;SODA 25CL/EAU GAZEUSSE;
48639;26/07/2024;4;VIANDE HACHEE;
48640;26/07/2024;801;TIHANE VARIE;
48640;26/07/2024;3;SAUCISSE BF;
48641;26/07/2024;5617;TACOS POULET;
48641;26/07/2024;2376;--> TACOS;
48641;26/07/2024;5485;--> SHEEZY;
48642;26/07/2024;4;VIANDE HACHEE;
48643;26/07/2024;618;STEAK BROCHETTE FILET  MARINE;
48643;26/07/2024;15;EPAULE DE BF;
48644;26/07/2024;175;COUT GRILLADE;
48644;26/07/2024;3;SAUCISSE BF;
48644;26/07/2024;70238;TAGINE CERVEILLE;
48644;26/07/2024;CODE_COMM;--> GR N° 5;
48644;26/07/2024;70240;FRITE;
48645;26/07/2024;5617;TACOS POULET;
48645;26/07/2024;2376;--> TACOS;
48645;26/07/2024;4360;--> ALGERIENNE;
48646;26/07/2024;19;COTLETTE AGN;
48646;26/07/2024;4;VIANDE HACHEE;
48647;26/07/2024;6;JARRET;
48647;26/07/2024;618;STEAK BROCHETTE FILET  MARINE;
48648;26/07/2024;4754;SANDWICH MIX;
48648;26/07/2024;70240;FRITE;
48648;26/07/2024;8857;THE;
48649;26/07/2024;5617;TACOS POULET;
48649;26/07/2024;2376;--> TACOS;
48649;26/07/2024;4360;--> ALGERIENNE;
48650;26/07/2024;7;RUMSTEAK;
48650;26/07/2024;14;FAUX FILET;
48651;26/07/2024;5617;TACOS POULET;
48651;26/07/2024;2376;--> TACOS;
48651;26/07/2024;10000;--> BIGGY;
48652;26/07/2024;5617;TACOS POULET;
48652;26/07/2024;2376;--> TACOS;
48652;26/07/2024;10000;--> BIGGY;
48653;26/07/2024;3;SAUCISSE BF;
48653;26/07/2024;4;VIANDE HACHEE;
48654;26/07/2024;6316;SAND SAUCISSE;
48654;26/07/2024;4762;SANDWICH MIX;
48654;26/07/2024;6823;TACOS MIX;
48654;26/07/2024;2376;--> TACOS;
48654;26/07/2024;5485;--> SHEEZY;
48654;26/07/2024;1937;FRITE;
48654;26/07/2024;CODE_COMM;--> glo;
48655;26/07/2024;4;VIANDE HACHEE;
48656;26/07/2024;5617;TACOS POULET;
48656;26/07/2024;2376;--> TACOS;
48656;26/07/2024;10000;--> BIGGY;
48657;26/07/2024;604;PILON NATURE;
48657;26/07/2024;605;PILON PLT MARINEE;
48658;26/07/2024;70221;SANDWICH POULET;
48658;26/07/2024;70240;FRITE;
48659;26/07/2024;618;STEAK BROCHETTE FILET  MARINE;
48659;26/07/2024;605;PILON PLT MARINEE;
48660;26/07/2024;175;COUT GRILLADE;
48660;26/07/2024;618;STEAK BROCHETTE FILET  MARINE;
48660;26/07/2024;3;SAUCISSE BF;
48660;26/07/2024;4;VIANDE HACHEE;
48660;26/07/2024;70240;FRITE;
48661;26/07/2024;5748;L FAMILA;
48661;26/07/2024;CODE_COMM;--> 22H30;
48661;26/07/2024;19;COTLETTE AGN;
48661;26/07/2024;175;COUT GRILLADE;
48662;26/07/2024;506;CUISSE POIVRE;
48663;26/07/2024;618;STEAK BROCHETTE FILET  MARINE;
48664;26/07/2024;601;FILET DE POULET NATURE;
48665;26/07/2024;5944;TACOS V HACHEE;
48665;26/07/2024;2376;--> TACOS;
48665;26/07/2024;4360;--> ALGERIENNE;
48665;26/07/2024;5485;--> SHEEZY;
48665;26/07/2024;590;BOISSON 25;
48665;26/07/2024;9241;--> 7UP;
48665;26/07/2024;CODE_COMM;--> glo;
48666;26/07/2024;601;FILET DE POULET NATURE;
48666;26/07/2024;3;SAUCISSE BF;
48667;26/07/2024;9053;TACOS VIANDE HACHEE;
48667;26/07/2024;2376;--> TACOS;
48667;26/07/2024;10000;--> BIGGY;
48667;26/07/2024;70240;FRITE;
48668;26/07/2024;70221;SANDWICH POULET;
48668;26/07/2024;70240;FRITE;
48669;26/07/2024;612;SHAWARMA;
48670;26/07/2024;70223;SANDWICH SAUCISSE;
48670;26/07/2024;CODE_COMM;--> ss sauce;
48670;26/07/2024;4754;SANDWICH MIX;
48670;26/07/2024;CODE_COMM;--> ss sauce ;
48670;26/07/2024;CODE_COMM;--> les trois ss tomate;
48671;26/07/2024;5617;TACOS POULET;
48671;26/07/2024;2376;--> TACOS;
48671;26/07/2024;4360;--> ALGERIENNE;
48671;26/07/2024;10000;--> BIGGY;
48671;26/07/2024;CODE_COMM;--> ;
48672;26/07/2024;4;VIANDE HACHEE;
48672;26/07/2024;605;PILON PLT MARINEE;
48673;26/07/2024;3589;TACOS SAUCISSE;
48673;26/07/2024;2376;--> TACOS;
48673;26/07/2024;CODE_COMM;--> ss sauce;
48674;26/07/2024;9053;TACOS VIANDE HACHEE;
48674;26/07/2024;2376;--> TACOS;
48674;26/07/2024;5485;--> SHEEZY;
48675;26/07/2024;1174;TACOS MIXTE;
48675;26/07/2024;2376;--> TACOS;
48675;26/07/2024;4360;--> ALGERIENNE;
48675;26/07/2024;1174;TACOS MIXTE;
48675;26/07/2024;2376;--> TACOS;
48675;26/07/2024;10000;--> BIGGY;
48675;26/07/2024;70240;FRITE;
48676;26/07/2024;605;PILON PLT MARINEE;
48677;26/07/2024;175;COUT GRILLADE;
48677;26/07/2024;605;PILON PLT MARINEE;
48678;26/07/2024;70238;TAGINE CERVEILLE;
48678;26/07/2024;9053;TACOS VIANDE HACHEE;
48678;26/07/2024;2376;--> TACOS;
48678;26/07/2024;4360;--> ALGERIENNE;
48678;26/07/2024;9053;TACOS VIANDE HACHEE;
48678;26/07/2024;2376;--> TACOS;
48678;26/07/2024;4360;--> ALGERIENNE;
48679;26/07/2024;175;COUT GRILLADE;
48679;26/07/2024;4;VIANDE HACHEE;
48679;26/07/2024;618;STEAK BROCHETTE FILET  MARINE;
48680;26/07/2024;618;STEAK BROCHETTE FILET  MARINE;
48680;26/07/2024;4;VIANDE HACHEE;
48681;26/07/2024;1174;TACOS MIXTE;
48681;26/07/2024;2376;--> TACOS;
48681;26/07/2024;4360;--> ALGERIENNE;
48681;26/07/2024;10000;--> BIGGY;
48681;26/07/2024;70240;FRITE;
48682;26/07/2024;5617;TACOS POULET;
48682;26/07/2024;2376;--> TACOS;
48682;26/07/2024;4360;--> ALGERIENNE;
48682;26/07/2024;10000;--> BIGGY;
48682;26/07/2024;CODE_COMM;--> saucisse plt;
48682;26/07/2024;505;JAMBON FUME;
48682;26/07/2024;70240;FRITE;
48683;26/07/2024;5617;TACOS POULET;
48683;26/07/2024;2376;--> TACOS;
48683;26/07/2024;10000;--> BIGGY;
48683;26/07/2024;6152;--> TARTAR;
48683;26/07/2024;CODE_COMM;--> klilaaa;
48683;26/07/2024;CODE_COMM;--> ss frite;
48684;26/07/2024;9053;TACOS VIANDE HACHEE;
48684;26/07/2024;2376;--> TACOS;
48684;26/07/2024;4360;--> ALGERIENNE;
48685;26/07/2024;3;SAUCISSE BF;
48685;26/07/2024;4;VIANDE HACHEE;
48685;26/07/2024;605;PILON PLT MARINEE;
48685;26/07/2024;175;COUT GRILLADE;
48686;26/07/2024;5617;TACOS POULET;
48686;26/07/2024;2376;--> TACOS;
48686;26/07/2024;4360;--> ALGERIENNE;
48686;26/07/2024;10000;--> BIGGY;
48687;26/07/2024;611;NUGGETS;
48687;26/07/2024;614;CORDON BLEU;
48688;26/07/2024;4;VIANDE HACHEE;
48688;26/07/2024;175;COUT GRILLADE;
48689;26/07/2024;3;SAUCISSE BF;
48690;26/07/2024;9053;TACOS VIANDE HACHEE;
48690;26/07/2024;2376;--> TACOS;
48690;26/07/2024;5485;--> SHEEZY;
48690;26/07/2024;6152;--> TARTAR;
48691;26/07/2024;5617;TACOS POULET;
48691;26/07/2024;2376;--> TACOS;
48691;26/07/2024;10000;--> BIGGY;
48692;26/07/2024;9053;TACOS VIANDE HACHEE;
48692;26/07/2024;2376;--> TACOS;
48692;26/07/2024;7385;--> ANDALOUS;
48692;26/07/2024;10000;--> BIGGY;
48693;26/07/2024;5617;TACOS POULET;
48693;26/07/2024;2376;--> TACOS;
48693;26/07/2024;CODE_COMM;--> ss sauce;
48693;26/07/2024;5617;TACOS POULET;
48693;26/07/2024;2376;--> TACOS;
48693;26/07/2024;4360;--> ALGERIENNE;
48694;26/07/2024;175;COUT GRILLADE;
48694;26/07/2024;3;SAUCISSE BF;
48694;26/07/2024;4;VIANDE HACHEE;
48695;26/07/2024;4;VIANDE HACHEE;
48696;26/07/2024;501;EDAM;
48696;26/07/2024;600;FILET DE DINDE NATURE;
48697;26/07/2024;4;VIANDE HACHEE;
48697;26/07/2024;175;COUT GRILLADE;
48697;26/07/2024;CODE_COMM;--> GR N° 5;
48697;26/07/2024;3;SAUCISSE BF;
48697;26/07/2024;4;VIANDE HACHEE;
48697;26/07/2024;19;COTLETTE AGN;
48697;26/07/2024;3;SAUCISSE BF;
48697;26/07/2024;175;COUT GRILLADE;
48697;26/07/2024;6014;TOMATE OIGNON GRILLEE;
48697;26/07/2024;6014;TOMATE OIGNON GRILLEE;
48697;26/07/2024;7798;THE MOYEN;
48697;26/07/2024;CODE_COMM;--> SOKARE BRA;
