Ticket;Dates;Heure;Code;Article;Famille;PRIX_A;PRIX_MP;PRIX_V;Qte;Remise;TOTAL_NET;Caissier;Vendeur;CODE_CLIENT;CLIENT;POSTE;OPERATION;CLOTURE_CAISSIER;CLOTURE_GLOBALE;NOTES
48475;26/07/2024;00:06:33;4754;SANDWICH MIX;SANDWICH;0.0000;0.0000;30.0000;1;0;30.0000;HAMZA;;;;0;VENTE;;;TABLE_01
48475;26/07/2024;00:06:33;CODE_COMM;--> AHMED;SANDWICH;0.0000;0.0000;0.0000;0;0;0.0000;HAMZA;;;;0;VENTE;;;TABLE_01
48476;26/07/2024;09:27:40;506;CUISSE POIVRE;BOUCHERIE;67.0000;67.1800;120.0000;0.185;0;22.2000;SOUKI;;;;1;VENTE;;;TABLE_45
48476;26/07/2024;09:27:40;33;EPAULE AGN;BOUCHERIE;90.0000;90.0000;140.0000;1.65;0;231.0000;SOUKI;;;;1;VENTE;;;TABLE_45
48476;26/07/2024;09:27:40;3940;KHLI3.RIGIM/500KG;SHOP;52.5000;52.5000;80.0000;1;0;80.0000;SOUKI;;;;1;VENTE;;;TABLE_45
48477;26/07/2024;09:31:57;15;EPAULE DE BF;BOUCHERIE;80.0000;80.0000;115.0000;2.375;0;273.1300;SOUKI;;;;1;VENTE;;;TABLE_45
48478;26/07/2024;09:40:40;509;SUPREME;BOUCHERIE;62.9000;61.8800;120.0000;0.09;0;10.8000;SOUKI;;;;1;VENTE;;;TABLE_45
48478;26/07/2024;09:40:40;501;EDAM;BOUCHERIE;91.4300;91.6800;130.0000;0.1;0;13.0000;SOUKI;;;;1;VENTE;;;TABLE_45
48478;26/07/2024;09:40:40;506;CUISSE POIVRE;BOUCHERIE;67.0000;67.1800;120.0000;0.11;0;13.2000;SOUKI;;;;1;VENTE;;;TABLE_45
48479;26/07/2024;10:26:28;501;EDAM;BOUCHERIE;91.4300;91.6800;130.0000;0.1;0;13.0000;SOUKI;;;;1;VENTE;;;TABLE_45
48479;26/07/2024;10:26:28;516;MORTADELLE;BOUCHERIE;14.0000;15.7100;75.0000;0.12;0;9.0000;SOUKI;;;;1;VENTE;;;TABLE_45
48480;26/07/2024;10:27:31;618;STEAK BROCHETTE FILET  MARINE;BOUCHERIE;0.0000;0.0000;85.0000;0.51;0;43.3500;SOUKI;;;;1;VENTE;;;TABLE_45
48480;26/07/2024;10:27:31;15;EPAULE DE BF;BOUCHERIE;80.0000;80.0000;115.0000;1.035;0;119.0300;SOUKI;;;;1;VENTE;;;TABLE_45
48481;26/07/2024;10:30:02;15;EPAULE DE BF;BOUCHERIE;80.0000;80.0000;115.0000;0.39;0;44.8500;SOUKI;;;;1;VENTE;;;TABLE_45
48481;26/07/2024;10:30:02;33;EPAULE AGN;BOUCHERIE;90.0000;90.0000;140.0000;1.555;0;217.7000;SOUKI;;;;1;VENTE;;;TABLE_45
48482;26/07/2024;10:41:09;625;POULET ENTIER;BOUCHERIE;23.0000;23.0000;35.0000;2.83;0;99.0500;SOUKI;;;;1;VENTE;;;TABLE_45
48483;26/07/2024;11:03:00;4;VIANDE HACHEE;BOUCHERIE;80.0000;80.0000;115.0000;0.26;0;29.9000;SOUKI;;;;1;VENTE;;;TABLE_45
48484;26/07/2024;11:16:20;55;STEAK HACHEE NATURE;BOUCHERIE;0.0000;0.0000;135.0000;0.5;0;67.5000;SOUKI;;;;1;VENTE;;;TABLE_45
48485;26/07/2024;11:27:07;15;EPAULE DE BF;BOUCHERIE;80.0000;80.0000;115.0000;0.67;0;77.0500;SOUKI;;;;1;VENTE;;;TABLE_45
48486;26/07/2024;11:32:05;3;SAUCISSE BF;BOUCHERIE;80.0000;80.0000;110.0000;0.36;0;39.6000;SOUKI;;;;1;VENTE;;;TABLE_45
48486;26/07/2024;11:32:05;4;VIANDE HACHEE;BOUCHERIE;80.0000;80.0000;115.0000;0.525;0;60.3800;SOUKI;;;;1;VENTE;;;TABLE_45
48487;26/07/2024;11:37:27;612;SHAWARMA;BOUCHERIE;0.0000;0.0000;85.0000;0.48;0;40.8000;SOUKI;;;;1;VENTE;;;TABLE_45
48487;26/07/2024;11:37:27;4;VIANDE HACHEE;BOUCHERIE;80.0000;80.0000;115.0000;0.425;0;48.8800;SOUKI;;;;1;VENTE;;;TABLE_45
48488;26/07/2024;11:38:06;4;VIANDE HACHEE;BOUCHERIE;80.0000;80.0000;115.0000;0.17;0;19.5500;SOUKI;;;;1;VENTE;;;TABLE_45
48489;26/07/2024;11:45:13;1;VIANDE TAJINE;BOUCHERIE;75.0000;75.0000;110.0000;0.545;0;59.9500;SOUKI;;;;1;VENTE;;;TABLE_45
48490;26/07/2024;11:49:15;601;FILET DE POULET NATURE;BOUCHERIE;0.0000;0.0000;80.0000;0.515;0;41.2000;SOUKI;;;;1;VENTE;;;TABLE_45
48490;26/07/2024;11:49:15;4;VIANDE HACHEE;BOUCHERIE;80.0000;80.0000;115.0000;0.515;0;59.2300;SOUKI;;;;1;VENTE;;;TABLE_45
48491;26/07/2024;11:51:05;33;EPAULE AGN;BOUCHERIE;90.0000;90.0000;140.0000;1.035;0;144.9000;SOUKI;;;;1;VENTE;;;TABLE_45
48492;26/07/2024;11:55:36;615;SAUCIISE DE PLT;BOUCHERIE;0.0000;0.0000;85.0000;0.535;0;45.4800;SOUKI;;;;1;VENTE;;;TABLE_45
48492;26/07/2024;11:55:36;601;FILET DE POULET NATURE;BOUCHERIE;0.0000;0.0000;80.0000;0.48;0;38.4000;SOUKI;;;;1;VENTE;;;TABLE_45
48493;26/07/2024;12:11:58;2;VIANDE HACHEE NATURE;BOUCHERIE;80.0000;80.0000;125.0000;0.535;0;66.8800;SOUKI;;;;1;VENTE;;;TABLE_45
48493;26/07/2024;12:11:58;15;EPAULE DE BF;BOUCHERIE;80.0000;80.0000;115.0000;1.1;0;126.5000;SOUKI;;;;1;VENTE;;;TABLE_45
48494;26/07/2024;12:22:51;605;PILON PLT MARINEE;BOUCHERIE;0.0000;0.0000;65.0000;0.825;0;53.6300;SOUKI;;;;1;VENTE;;;TABLE_45
48495;26/07/2024;12:24:43;1174;TACOS MIXTE;TACOS;0.0000;0.0000;30.0000;1;0;30.0000;SOUKI;;;;1;VENTE;;;EMPORTER_01
48495;26/07/2024;12:24:43;2376;--> TACOS;COMPO TACOS;0.0000;0.0000;0.0000;1;0;0.0000;SOUKI;;;;1;VENTE;;;EMPORTER_01
48495;26/07/2024;12:24:43;4360;--> ALGERIENNE;COMPO TACOS;0.0000;0.0000;0.0000;1;0;0.0000;SOUKI;;;;1;VENTE;;;EMPORTER_01
48496;26/07/2024;12:26:23;1174;TACOS MIXTE;TACOS;0.0000;0.0000;30.0000;1;0;30.0000;SOUKI;;;;1;VENTE;;;EMPORTER_01
48496;26/07/2024;12:26:23;2376;--> TACOS;COMPO TACOS;0.0000;0.0000;0.0000;1;0;0.0000;SOUKI;;;;1;VENTE;;;EMPORTER_01
48496;26/07/2024;12:26:23;10000;--> BIGGY;COMPO TACOS;0.0000;0.0000;0.0000;1;0;0.0000;SOUKI;;;;1;VENTE;;;EMPORTER_01
48496;26/07/2024;12:26:23;1174;TACOS MIXTE;TACOS;0.0000;0.0000;30.0000;1;0;30.0000;SOUKI;;;;1;VENTE;;;EMPORTER_01
48496;26/07/2024;12:26:23;2376;--> TACOS;COMPO TACOS;0.0000;0.0000;0.0000;1;0;0.0000;SOUKI;;;;1;VENTE;;;EMPORTER_01
48496;26/07/2024;12:26:23;10000;--> BIGGY;COMPO TACOS;0.0000;0.0000;0.0000;1;0;0.0000;SOUKI;;;;1;VENTE;;;EMPORTER_01
48496;26/07/2024;12:26:23;70240;FRITE;ASSORTIMENTS;3.8000;3.8100;10.0000;1;0;10.0000;SOUKI;;;;1;VENTE;;;EMPORTER_01
48496;26/07/2024;12:26:23;70240;FRITE;ASSORTIMENTS;3.8000;3.8100;10.0000;1;0;10.0000;SOUKI;;;;1;VENTE;;;EMPORTER_01
48497;26/07/2024;12:27:29;1174;TACOS MIXTE;TACOS;0.0000;0.0000;30.0000;1;0;30.0000;SOUKI;;;;1;VENTE;;;EMPORTER_01
48497;26/07/2024;12:27:29;2376;--> TACOS;COMPO TACOS;0.0000;0.0000;0.0000;1;0;0.0000;SOUKI;;;;1;VENTE;;;EMPORTER_01
48497;26/07/2024;12:27:29;10000;--> BIGGY;COMPO TACOS;0.0000;0.0000;0.0000;1;0;0.0000;SOUKI;;;;1;VENTE;;;EMPORTER_01
48498;26/07/2024;12:28:44;70227;SANDWICH VIANDE HACHEE;SANDWICH;0.0000;0.0000;23.0000;1;0;23.0000;SOUKI;;;;1;VENTE;;;EMPORTER_01
48499;26/07/2024;12:34:24;801;TIHANE VARIE;BOUCHERIE;0.0000;0.0000;129.0000;0.525;0;67.7300;SOUKI;;;;1;VENTE;;;TABLE_45
48499;26/07/2024;12:34:24;4;VIANDE HACHEE;BOUCHERIE;80.0000;80.0000;115.0000;1.015;0;116.7300;SOUKI;;;;1;VENTE;;;TABLE_45
48500;26/07/2024;12:36:47;9053;TACOS VIANDE HACHEE;TACOS;0.0000;0.0000;25.0000;1;0;25.0000;SOUKI;;;;1;VENTE;;;EMPORTER_01
48500;26/07/2024;12:36:47;2376;--> TACOS;COMPO TACOS;0.0000;0.0000;0.0000;1;0;0.0000;SOUKI;;;;1;VENTE;;;EMPORTER_01
48500;26/07/2024;12:36:47;CODE_COMM;--> ss sauce;COMPO TACOS;0.0000;0.0000;0.0000;0;0;0.0000;SOUKI;;;;1;VENTE;;;EMPORTER_01
48500;26/07/2024;12:36:47;CODE_COMM;--> ss frite;COMPO TACOS;0.0000;0.0000;0.0000;0;0;0.0000;SOUKI;;;;1;VENTE;;;EMPORTER_01
48501;26/07/2024;12:53:44;5617;TACOS POULET;TACOS;0.0000;0.0000;23.0000;1;0;23.0000;AMINA;;;;1;VENTE;;;EMPORTER_01
48501;26/07/2024;12:53:44;2376;--> TACOS;COMPO TACOS;0.0000;0.0000;0.0000;1;0;0.0000;AMINA;;;;1;VENTE;;;EMPORTER_01
48501;26/07/2024;12:53:44;4360;--> ALGERIENNE;COMPO TACOS;0.0000;0.0000;0.0000;1;0;0.0000;AMINA;;;;1;VENTE;;;EMPORTER_01
48501;26/07/2024;12:53:44;6310;--> BBQ;COMPO TACOS;0.0000;0.0000;0.0000;1;0;0.0000;AMINA;;;;1;VENTE;;;EMPORTER_01
48502;26/07/2024;13:05:18;4;VIANDE HACHEE;BOUCHERIE;80.0000;80.0000;115.0000;0.175;0;20.1300;AMINA;;;;1;VENTE;;;TABLE_45
48503;26/07/2024;13:06:22;9053;TACOS VIANDE HACHEE;TACOS;0.0000;0.0000;25.0000;1;0;25.0000;AMINA;;;;1;VENTE;;;TABLE_01
48503;26/07/2024;13:06:22;2376;--> TACOS;COMPO TACOS;0.0000;0.0000;0.0000;1;0;0.0000;AMINA;;;;1;VENTE;;;TABLE_01
48503;26/07/2024;13:06:22;4360;--> ALGERIENNE;COMPO TACOS;0.0000;0.0000;0.0000;1;0;0.0000;AMINA;;;;1;VENTE;;;TABLE_01
48503;26/07/2024;13:06:22;9053;TACOS VIANDE HACHEE;TACOS;0.0000;0.0000;25.0000;1;0;25.0000;AMINA;;;;1;VENTE;;;TABLE_01
48503;26/07/2024;13:06:22;2376;--> TACOS;COMPO TACOS;0.0000;0.0000;0.0000;1;0;0.0000;AMINA;;;;1;VENTE;;;TABLE_01
48503;26/07/2024;13:06:22;4360;--> ALGERIENNE;COMPO TACOS;0.0000;0.0000;0.0000;1;0;0.0000;AMINA;;;;1;VENTE;;;TABLE_01
48503;26/07/2024;13:06:22;1174;TACOS MIXTE;TACOS;0.0000;0.0000;30.0000;1;0;30.0000;AMINA;;;;1;VENTE;;;TABLE_01
48503;26/07/2024;13:06:22;2376;--> TACOS;COMPO TACOS;0.0000;0.0000;0.0000;1;0;0.0000;AMINA;;;;1;VENTE;;;TABLE_01
48503;26/07/2024;13:06:22;4360;--> ALGERIENNE;COMPO TACOS;0.0000;0.0000;0.0000;1;0;0.0000;AMINA;;;;1;VENTE;;;TABLE_01
48503;26/07/2024;13:06:22;9053;TACOS VIANDE HACHEE;TACOS;0.0000;0.0000;25.0000;1;0;25.0000;AMINA;;;;1;VENTE;;;TABLE_01
48503;26/07/2024;13:06:22;2376;--> TACOS;COMPO TACOS;0.0000;0.0000;0.0000;1;0;0.0000;AMINA;;;;1;VENTE;;;TABLE_01
48503;26/07/2024;13:06:22;4360;--> ALGERIENNE;COMPO TACOS;0.0000;0.0000;0.0000;1;0;0.0000;AMINA;;;;1;VENTE;;;TABLE_01
48504;26/07/2024;13:09:03;175;COUT GRILLADE;GRILLADE;0.0000;0.0000;30.0000;1.335;0;40.0500;AMINA;;;;1;VENTE;;;TABLE_10
48504;26/07/2024;13:09:03;19;COTLETTE AGN;BOUCHERIE;90.0000;90.0000;160.0000;0.535;0;85.6000;AMINA;;;;1;VENTE;;;TABLE_10
48504;26/07/2024;13:09:03;4;VIANDE HACHEE;BOUCHERIE;80.0000;80.0000;115.0000;0.545;0;62.6800;AMINA;;;;1;VENTE;;;TABLE_10
48504;26/07/2024;13:09:03;3;SAUCISSE BF;BOUCHERIE;80.0000;80.0000;110.0000;0.255;0;28.0500;AMINA;;;;1;VENTE;;;TABLE_10
48504;26/07/2024;13:09:03;CODE_COMM;--> GR N° 21;BOUCHERIE;0.0000;0.0000;0.0000;0;0;0.0000;AMINA;;;;1;VENTE;;;TABLE_10
48504;26/07/2024;13:09:03;7798;THE MOYEN;ASSORTIMENTS;0.0000;0.0000;12.0000;1;0;12.0000;AMINA;;;;1;VENTE;;;TABLE_10
48504;26/07/2024;13:09:03;4719;EAU MINERAL 1L;ASSORTIMENTS;3.4500;5.2600;10.0000;1;0;10.0000;AMINA;;;;1;VENTE;;;TABLE_10
48505;26/07/2024;13:12:57;15;EPAULE DE BF;BOUCHERIE;80.0000;80.0000;115.0000;0.555;0;63.8300;AMINA;;;;1;VENTE;;;TABLE_45
48506;26/07/2024;13:18:08;506;CUISSE POIVRE;BOUCHERIE;67.0000;67.1800;120.0000;0.165;0;19.8000;AMINA;;;;1;VENTE;;;TABLE_45
48507;26/07/2024;13:18:37;618;STEAK BROCHETTE FILET  MARINE;BOUCHERIE;0.0000;0.0000;85.0000;0.5;0;42.5000;AMINA;;;;1;VENTE;;;TABLE_45
48508;26/07/2024;13:19:31;515;SALAMI DE BF;BOUCHERIE;90.0000;89.9700;190.0000;0.165;0;31.3500;AMINA;;;;1;VENTE;;;TABLE_45
48508;26/07/2024;13:19:31;612;SHAWARMA;BOUCHERIE;0.0000;0.0000;85.0000;0.265;0;22.5300;AMINA;;;;1;VENTE;;;TABLE_45
48508;26/07/2024;13:19:31;1;VIANDE TAJINE;BOUCHERIE;75.0000;75.0000;110.0000;0.565;0;62.1500;AMINA;;;;1;VENTE;;;TABLE_45
48509;26/07/2024;13:19:54;615;SAUCIISE DE PLT;BOUCHERIE;0.0000;0.0000;85.0000;0.34;0;28.9000;AMINA;;;;1;VENTE;;;TABLE_45
48510;26/07/2024;13:22:22;1174;TACOS MIXTE;TACOS;0.0000;0.0000;30.0000;2;0;60.0000;AMINA;;;;1;VENTE;;;TABLE_45
48510;26/07/2024;13:22:22;2376;--> TACOS;COMPO TACOS;0.0000;0.0000;0.0000;2;0;0.0000;AMINA;;;;1;VENTE;;;TABLE_45
48510;26/07/2024;13:22:22;4360;--> ALGERIENNE;COMPO TACOS;0.0000;0.0000;0.0000;2;0;0.0000;AMINA;;;;1;VENTE;;;TABLE_45
48510;26/07/2024;13:22:22;6152;--> TARTAR;COMPO TACOS;0.0000;0.0000;0.0000;2;0;0.0000;AMINA;;;;1;VENTE;;;TABLE_45
48510;26/07/2024;13:22:22;70240;FRITE;ASSORTIMENTS;3.8000;3.8100;10.0000;2;0;20.0000;AMINA;;;;1;VENTE;;;TABLE_45
48510;26/07/2024;13:22:22;CODE_COMM;--> a emporter;ASSORTIMENTS;0.0000;0.0000;0.0000;0;0;0.0000;AMINA;;;;1;VENTE;;;TABLE_45
48511;26/07/2024;13:26:58;1174;TACOS MIXTE;TACOS;0.0000;0.0000;30.0000;1;0;30.0000;AMINA;;;;1;VENTE;;;EMPORTER_01
48511;26/07/2024;13:26:58;2376;--> TACOS;COMPO TACOS;0.0000;0.0000;0.0000;1;0;0.0000;AMINA;;;;1;VENTE;;;EMPORTER_01
48511;26/07/2024;13:26:58;4360;--> ALGERIENNE;COMPO TACOS;0.0000;0.0000;0.0000;1;0;0.0000;AMINA;;;;1;VENTE;;;EMPORTER_01
48512;26/07/2024;13:30:59;4;VIANDE HACHEE;BOUCHERIE;80.0000;80.0000;115.0000;0.13;0;14.9500;AMINA;;;;1;VENTE;;;TABLE_45
48513;26/07/2024;13:34:08;70223;SANDWICH SAUCISSE;SANDWICH;0.0000;0.0000;23.0000;1;0;23.0000;AMINA;;;;1;VENTE;;;TABLE_01
48513;26/07/2024;13:34:08;70227;SANDWICH VIANDE HACHEE;SANDWICH;0.0000;0.0000;23.0000;1;0;23.0000;AMINA;;;;1;VENTE;;;TABLE_01
48513;26/07/2024;13:34:08;4754;SANDWICH MIX;SANDWICH;0.0000;0.0000;30.0000;1;0;30.0000;AMINA;;;;1;VENTE;;;TABLE_01
48513;26/07/2024;13:34:08;70240;FRITE;ASSORTIMENTS;3.8000;3.8100;10.0000;1;0;10.0000;AMINA;;;;1;VENTE;;;TABLE_01
48513;26/07/2024;13:34:08;70240;FRITE;ASSORTIMENTS;3.8000;3.8100;10.0000;1;0;10.0000;AMINA;;;;1;VENTE;;;TABLE_01
48514;26/07/2024;13:37:24;14;FAUX FILET;BOUCHERIE;80.0000;80.0000;145.0000;0.535;0;77.5800;AMINA;;;;1;VENTE;;;TABLE_45
48515;26/07/2024;13:40:33;612;SHAWARMA;BOUCHERIE;0.0000;0.0000;85.0000;0.77;0;65.4500;AMINA;;;;1;VENTE;;;TABLE_45
48516;26/07/2024;13:41:15;608;PASTELLE/ROULEAUX PLT;BOUCHERIE;0.0000;0.0000;90.0000;0.55;0;49.5000;AMINA;;;;1;VENTE;;;TABLE_45
48517;26/07/2024;13:44:44;4;VIANDE HACHEE;BOUCHERIE;80.0000;80.0000;115.0000;2.02;0;232.3000;AMINA;;;;1;VENTE;;;TABLE_45
48517;26/07/2024;13:44:44;601;FILET DE POULET NATURE;BOUCHERIE;0.0000;0.0000;80.0000;0.765;0;61.2000;AMINA;;;;1;VENTE;;;TABLE_45
48518;26/07/2024;13:49:01;15;EPAULE DE BF;BOUCHERIE;80.0000;80.0000;115.0000;1.025;0;117.8800;AMINA;;;;1;VENTE;;;TABLE_45
48519;26/07/2024;13:49:35;70223;SANDWICH SAUCISSE;SANDWICH;0.0000;0.0000;23.0000;2;0;46.0000;AMINA;;;;1;VENTE;;;EMPORTER_03
48520;26/07/2024;13:54:07;517;MORTADELLE PANACHE;BOUCHERIE;19.4400;19.5200;55.0000;0.555;0;30.5300;AMINA;;;;1;VENTE;;;TABLE_45
48521;26/07/2024;13:56:03;70227;SANDWICH VIANDE HACHEE;SANDWICH;0.0000;0.0000;23.0000;1;0;23.0000;AMINA;;;;1;VENTE;;;EMPORTER_03
48521;26/07/2024;13:56:03;70221;SANDWICH POULET;SANDWICH;0.0000;0.0000;20.0000;1;0;20.0000;AMINA;;;;1;VENTE;;;EMPORTER_03
48521;26/07/2024;13:56:03;3589;TACOS SAUCISSE;TACOS;0.0000;0.0000;25.0000;1;0;25.0000;AMINA;;;;1;VENTE;;;EMPORTER_03
48521;26/07/2024;13:56:03;2376;--> TACOS;COMPO TACOS;0.0000;0.0000;0.0000;1;0;0.0000;AMINA;;;;1;VENTE;;;EMPORTER_03
48521;26/07/2024;13:56:03;4360;--> ALGERIENNE;COMPO TACOS;0.0000;0.0000;0.0000;1;0;0.0000;AMINA;;;;1;VENTE;;;EMPORTER_03
48521;26/07/2024;13:56:03;70240;FRITE;ASSORTIMENTS;3.8000;3.8100;10.0000;1;0;10.0000;AMINA;;;;1;VENTE;;;EMPORTER_03
48522;26/07/2024;14:00:18;175;COUT GRILLADE;GRILLADE;0.0000;0.0000;30.0000;0.41;0;12.3000;AMINA;;;;1;VENTE;;;TABLE_10
48522;26/07/2024;14:00:18;618;STEAK BROCHETTE FILET  MARINE;BOUCHERIE;0.0000;0.0000;85.0000;0.41;0;34.8500;AMINA;;;;1;VENTE;;;TABLE_10
48522;26/07/2024;14:00:18;CODE_COMM;--> GR N° 17;BOUCHERIE;0.0000;0.0000;0.0000;0;0;0.0000;AMINA;;;;1;VENTE;;;TABLE_10
48522;26/07/2024;14:00:18;8857;THE;ASSORTIMENTS;0.0000;0.0000;7.0000;1;0;7.0000;AMINA;;;;1;VENTE;;;TABLE_10
48522;26/07/2024;14:00:18;CODE_COMM;--> MSOSE;ASSORTIMENTS;0.0000;0.0000;0.0000;0;0;0.0000;AMINA;;;;1;VENTE;;;TABLE_10
48523;26/07/2024;14:02:19;175;COUT GRILLADE;GRILLADE;0.0000;0.0000;30.0000;0.565;0;16.9500;AMINA;;;;1;VENTE;;;EMPORTER_06
48523;26/07/2024;14:02:19;9;FOIE DE BF;BOUCHERIE;125.0000;125.0000;190.0000;0.21;0;39.9000;AMINA;;;;1;VENTE;;;EMPORTER_06
48523;26/07/2024;14:02:19;4;VIANDE HACHEE;BOUCHERIE;80.0000;80.0000;115.0000;0.35;0;40.2500;AMINA;;;;1;VENTE;;;EMPORTER_06
48523;26/07/2024;14:02:19;605;PILON PLT MARINEE;BOUCHERIE;0.0000;0.0000;65.0000;0.29;0;18.8500;AMINA;;;;1;VENTE;;;EMPORTER_06
48523;26/07/2024;14:02:19;175;COUT GRILLADE;GRILLADE;0.0000;0.0000;30.0000;0.29;0;8.7000;AMINA;;;;1;VENTE;;;EMPORTER_06
48524;26/07/2024;14:03:27;5617;TACOS POULET;TACOS;0.0000;0.0000;23.0000;1;0;23.0000;AMINA;;;;1;VENTE;;;TABLE_32
48524;26/07/2024;14:03:27;5617;TACOS POULET;TACOS;0.0000;0.0000;23.0000;1;0;23.0000;AMINA;;;;1;VENTE;;;TABLE_32
48524;26/07/2024;14:03:27;2376;--> TACOS;COMPO TACOS;0.0000;0.0000;0.0000;1;0;0.0000;AMINA;;;;1;VENTE;;;TABLE_32
48524;26/07/2024;14:03:27;CODE_COMM;--> bzouj biggy;COMPO TACOS;0.0000;0.0000;0.0000;0;0;0.0000;AMINA;;;;1;VENTE;;;TABLE_32
48524;26/07/2024;14:03:27;CODE_COMM;--> wahed ss frite;COMPO TACOS;0.0000;0.0000;0.0000;0;0;0.0000;AMINA;;;;1;VENTE;;;TABLE_32
48524;26/07/2024;14:03:27;CODE_COMM;--> a emporter;COMPO TACOS;0.0000;0.0000;0.0000;0;0;0.0000;AMINA;;;;1;VENTE;;;TABLE_32
48524;26/07/2024;14:03:27;604;PILON NATURE;BOUCHERIE;0.0000;0.0000;60.0000;0.395;0;23.7000;AMINA;;;;1;VENTE;;;TABLE_32
48524;26/07/2024;14:03:27;601;FILET DE POULET NATURE;BOUCHERIE;0.0000;0.0000;80.0000;0.255;0;20.4000;AMINA;;;;1;VENTE;;;TABLE_32
48525;26/07/2024;14:03:58;70227;SANDWICH VIANDE HACHEE;SANDWICH;0.0000;0.0000;23.0000;3;0;69.0000;AMINA;;;;1;VENTE;;;EMPORTER_02
48525;26/07/2024;14:03:58;CODE_COMM;--> ktr sauce;SANDWICH;0.0000;0.0000;0.0000;0;0;0.0000;AMINA;;;;1;VENTE;;;EMPORTER_02
48526;26/07/2024;14:09:18;3589;TACOS SAUCISSE;TACOS;0.0000;0.0000;25.0000;2;0;50.0000;AMINA;;;;1;VENTE;;;EMPORTER_01
48526;26/07/2024;14:09:18;3589;TACOS SAUCISSE;TACOS;0.0000;0.0000;25.0000;1;0;25.0000;AMINA;;;;1;VENTE;;;EMPORTER_01
48526;26/07/2024;14:09:18;2376;--> TACOS;COMPO TACOS;0.0000;0.0000;0.0000;3;0;0.0000;AMINA;;;;1;VENTE;;;EMPORTER_01
48526;26/07/2024;14:09:18;10000;--> BIGGY;COMPO TACOS;0.0000;0.0000;0.0000;3;0;0.0000;AMINA;;;;1;VENTE;;;EMPORTER_01
48526;26/07/2024;14:09:18;1174;TACOS MIXTE;TACOS;0.0000;0.0000;30.0000;1;0;30.0000;AMINA;;;;1;VENTE;;;EMPORTER_01
48526;26/07/2024;14:09:18;2376;--> TACOS;COMPO TACOS;0.0000;0.0000;0.0000;1;0;0.0000;AMINA;;;;1;VENTE;;;EMPORTER_01
48526;26/07/2024;14:09:18;4360;--> ALGERIENNE;COMPO TACOS;0.0000;0.0000;0.0000;1;0;0.0000;AMINA;;;;1;VENTE;;;EMPORTER_01
48526;26/07/2024;14:09:18;1174;TACOS MIXTE;TACOS;0.0000;0.0000;30.0000;1;0;30.0000;AMINA;;;;1;VENTE;;;EMPORTER_01
48526;26/07/2024;14:09:18;2376;--> TACOS;COMPO TACOS;0.0000;0.0000;0.0000;1;0;0.0000;AMINA;;;;1;VENTE;;;EMPORTER_01
48526;26/07/2024;14:09:18;10000;--> BIGGY;COMPO TACOS;0.0000;0.0000;0.0000;1;0;0.0000;AMINA;;;;1;VENTE;;;EMPORTER_01
48527;26/07/2024;14:10:17;70239;TAGINE FOIE;TAGINE;0.0000;0.0000;40.0000;1;0;40.0000;AMINA;;;;1;VENTE;;;TABLE_02
48527;26/07/2024;14:10:17;8424;1/4 POULET;L FAMILA PLAT;0.0000;0.0000;35.0000;1;0;35.0000;AMINA;;;;1;VENTE;;;TABLE_02
48528;26/07/2024;14:11:18;70223;SANDWICH SAUCISSE;SANDWICH;0.0000;0.0000;23.0000;1;0;23.0000;AMINA;;;;1;VENTE;;;EMPORTER_03
48528;26/07/2024;14:11:18;70223;SANDWICH SAUCISSE;SANDWICH;0.0000;0.0000;23.0000;1;0;23.0000;AMINA;;;;1;VENTE;;;EMPORTER_03
48528;26/07/2024;14:11:18;CODE_COMM;--> ss garniture;SANDWICH;0.0000;0.0000;0.0000;0;0;0.0000;AMINA;;;;1;VENTE;;;EMPORTER_03
48528;26/07/2024;14:11:18;70240;FRITE;ASSORTIMENTS;3.8000;3.8100;10.0000;2;0;20.0000;AMINA;;;;1;VENTE;;;EMPORTER_03
48529;26/07/2024;14:12:08;5617;TACOS POULET;TACOS;0.0000;0.0000;23.0000;3;0;69.0000;AMINA;;;;1;VENTE;;;EMPORTER_04
48529;26/07/2024;14:12:08;2376;--> TACOS;COMPO TACOS;0.0000;0.0000;0.0000;3;0;0.0000;AMINA;;;;1;VENTE;;;EMPORTER_04
48529;26/07/2024;14:12:08;4360;--> ALGERIENNE;COMPO TACOS;0.0000;0.0000;0.0000;3;0;0.0000;AMINA;;;;1;VENTE;;;EMPORTER_04
48530;26/07/2024;14:13:49;4762;SANDWICH MIX;GLOVO;0.0000;0.0000;40.0000;1;0;40.0000;AMINA;;;;1;VENTE;;;LIVRAISON_01
48530;26/07/2024;14:13:49;CODE_COMM;--> glo;GLOVO;0.0000;0.0000;0.0000;0;0;0.0000;AMINA;;;;1;VENTE;;;LIVRAISON_01
48531;26/07/2024;14:15:45;4;VIANDE HACHEE;BOUCHERIE;80.0000;80.0000;115.0000;0.515;0;59.2300;AMINA;;;;1;VENTE;;;TABLE_45
48532;26/07/2024;14:17:26;175;COUT GRILLADE;GRILLADE;0.0000;0.0000;30.0000;0.365;0;10.9500;AMINA;;;;1;VENTE;;;TABLE_09
48532;26/07/2024;14:17:26;605;PILON PLT MARINEE;BOUCHERIE;0.0000;0.0000;65.0000;0.155;0;10.0800;AMINA;;;;1;VENTE;;;TABLE_09
48532;26/07/2024;14:17:26;615;SAUCIISE DE PLT;BOUCHERIE;0.0000;0.0000;85.0000;0.16;0;13.6000;AMINA;;;;1;VENTE;;;TABLE_09
48532;26/07/2024;14:17:26;610;CHICHE KEBAB PLT;BOUCHERIE;0.0000;0.0000;85.0000;0.06;0;5.1000;AMINA;;;;1;VENTE;;;TABLE_09
48532;26/07/2024;14:17:26;618;STEAK BROCHETTE FILET  MARINE;BOUCHERIE;0.0000;0.0000;85.0000;0.145;0;12.3300;AMINA;;;;1;VENTE;;;TABLE_09
48532;26/07/2024;14:17:26;70240;FRITE;ASSORTIMENTS;3.8000;3.8100;10.0000;1;0;10.0000;AMINA;;;;1;VENTE;;;TABLE_09
48533;26/07/2024;14:18:11;4;VIANDE HACHEE;BOUCHERIE;80.0000;80.0000;115.0000;0.52;0;59.8000;AMINA;;;;1;VENTE;;;TABLE_45
48534;26/07/2024;14:19:54;625;POULET ENTIER;BOUCHERIE;23.0000;23.0000;35.0000;2.675;0;93.6300;AMINA;;;;1;VENTE;;;TABLE_45
48534;26/07/2024;14:19:54;601;FILET DE POULET NATURE;BOUCHERIE;0.0000;0.0000;80.0000;1.025;0;82.0000;AMINA;;;;1;VENTE;;;TABLE_45
48535;26/07/2024;14:27:47;70223;SANDWICH SAUCISSE;SANDWICH;0.0000;0.0000;23.0000;2;0;46.0000;AMINA;;;;1;VENTE;;;EMPORTER_05
48536;26/07/2024;14:28:22;501;EDAM;BOUCHERIE;91.4300;91.6800;130.0000;0.15;0;19.5000;AMINA;;;;1;VENTE;;;TABLE_45
48537;26/07/2024;14:30:37;175;COUT GRILLADE;GRILLADE;0.0000;0.0000;30.0000;0.415;0;12.4500;AMINA;;;;1;VENTE;;;TABLE_10
48537;26/07/2024;14:30:37;618;STEAK BROCHETTE FILET  MARINE;BOUCHERIE;0.0000;0.0000;85.0000;0.265;0;22.5300;AMINA;;;;1;VENTE;;;TABLE_10
48537;26/07/2024;14:30:37;12;BROCHETTE DE BF;BOUCHERIE;80.0000;80.0000;145.0000;0.145;0;21.0300;AMINA;;;;1;VENTE;;;TABLE_10
48537;26/07/2024;14:30:37;CODE_COMM;--> GR N° 10;BOUCHERIE;0.0000;0.0000;0.0000;0;0;0.0000;AMINA;;;;1;VENTE;;;TABLE_10
48537;26/07/2024;14:30:37;7631;SODA 1L/EAU GAZEUSE 1L;ASSORTIMENTS;0.0000;0.0000;13.0000;1;0;13.0000;AMINA;;;;1;VENTE;;;TABLE_10
48538;26/07/2024;14:34:34;70227;SANDWICH VIANDE HACHEE;SANDWICH;0.0000;0.0000;23.0000;1;0;23.0000;AMINA;;;;1;VENTE;;;EMPORTER_02
48538;26/07/2024;14:34:34;CODE_COMM;--> omar;SANDWICH;0.0000;0.0000;0.0000;0;0;0.0000;AMINA;;;;1;VENTE;;;EMPORTER_02
48539;26/07/2024;14:39:41;6852;SANDWICH TIHANE;SANDWICH;0.0000;0.0000;30.0000;1;0;30.0000;AMINA;;;;1;VENTE;;;EMPORTER_02
48539;26/07/2024;14:39:41;70225;SANDWICH FOIE;SANDWICH;0.0000;0.0000;35.0000;1;0;35.0000;AMINA;;;;1;VENTE;;;EMPORTER_02
48539;26/07/2024;14:39:41;70221;SANDWICH POULET;SANDWICH;0.0000;0.0000;20.0000;1;0;20.0000;AMINA;;;;1;VENTE;;;EMPORTER_02
48540;26/07/2024;14:45:02;2;VIANDE HACHEE NATURE;BOUCHERIE;80.0000;80.0000;125.0000;1;0;125.0000;AMINA;;;;1;VENTE;;;TABLE_45
48540;26/07/2024;14:45:02;618;STEAK BROCHETTE FILET  MARINE;BOUCHERIE;0.0000;0.0000;85.0000;0.52;0;44.2000;AMINA;;;;1;VENTE;;;TABLE_45
48540;26/07/2024;14:45:02;618;STEAK BROCHETTE FILET  MARINE;BOUCHERIE;0.0000;0.0000;85.0000;0.505;0;42.9300;AMINA;;;;1;VENTE;;;TABLE_45
48541;26/07/2024;14:45:39;3;SAUCISSE BF;BOUCHERIE;80.0000;80.0000;110.0000;0.76;0;83.6000;AMINA;;;;1;VENTE;;;EMPORTER_01
48541;26/07/2024;14:45:39;175;COUT GRILLADE;GRILLADE;0.0000;0.0000;30.0000;1.275;0;38.2500;AMINA;;;;1;VENTE;;;EMPORTER_01
48541;26/07/2024;14:45:39;618;STEAK BROCHETTE FILET  MARINE;BOUCHERIE;0.0000;0.0000;85.0000;0.505;0;42.9300;AMINA;;;;1;VENTE;;;EMPORTER_01
48542;26/07/2024;14:55:07;4;VIANDE HACHEE;BOUCHERIE;80.0000;80.0000;115.0000;1.005;0;115.5800;AMINA;;;;1;VENTE;;;TABLE_45
48543;26/07/2024;14:55:34;175;COUT GRILLADE;GRILLADE;0.0000;0.0000;30.0000;0.74;0;22.2000;AMINA;;;;1;VENTE;;;TABLE_09
48543;26/07/2024;14:55:34;14;FAUX FILET;BOUCHERIE;80.0000;80.0000;145.0000;0.305;0;44.2300;AMINA;;;;1;VENTE;;;TABLE_09
48543;26/07/2024;14:55:34;3;SAUCISSE BF;BOUCHERIE;80.0000;80.0000;110.0000;0.225;0;24.7500;AMINA;;;;1;VENTE;;;TABLE_09
48543;26/07/2024;14:55:34;4;VIANDE HACHEE;BOUCHERIE;80.0000;80.0000;115.0000;0.215;0;24.7300;AMINA;;;;1;VENTE;;;TABLE_09
48543;26/07/2024;14:55:34;CODE_COMM;--> GR N° 4;BOUCHERIE;0.0000;0.0000;0.0000;0;0;0.0000;AMINA;;;;1;VENTE;;;TABLE_09
48543;26/07/2024;14:55:34;8857;THE;ASSORTIMENTS;0.0000;0.0000;7.0000;1;0;7.0000;AMINA;;;;1;VENTE;;;TABLE_09
48544;26/07/2024;14:56:09;501;EDAM;BOUCHERIE;91.4300;91.6800;130.0000;0.31;0;40.3000;AMINA;;;;1;VENTE;;;TABLE_45
48545;26/07/2024;14:59:10;603;AILES DE PLTS MARINEE;BOUCHERIE;0.0000;0.0000;50.0000;1.005;0;50.2500;AMINA;;;;1;VENTE;;;TABLE_45
48546;26/07/2024;14:59:38;9053;TACOS VIANDE HACHEE;TACOS;0.0000;0.0000;25.0000;1;0;25.0000;AMINA;;;;1;VENTE;;;EMPORTER_01
48546;26/07/2024;14:59:38;2376;--> TACOS;COMPO TACOS;0.0000;0.0000;0.0000;1;0;0.0000;AMINA;;;;1;VENTE;;;EMPORTER_01
48546;26/07/2024;14:59:38;4360;--> ALGERIENNE;COMPO TACOS;0.0000;0.0000;0.0000;1;0;0.0000;AMINA;;;;1;VENTE;;;EMPORTER_01
48547;26/07/2024;15:04:52;1174;TACOS MIXTE;TACOS;0.0000;0.0000;30.0000;1;0;30.0000;AMINA;;;;1;VENTE;;;TABLE_02
48547;26/07/2024;15:04:52;2376;--> TACOS;COMPO TACOS;0.0000;0.0000;0.0000;1;0;0.0000;AMINA;;;;1;VENTE;;;TABLE_02
48547;26/07/2024;15:04:52;4360;--> ALGERIENNE;COMPO TACOS;0.0000;0.0000;0.0000;1;0;0.0000;AMINA;;;;1;VENTE;;;TABLE_02
48547;26/07/2024;15:04:52;10000;--> BIGGY;COMPO TACOS;0.0000;0.0000;0.0000;1;0;0.0000;AMINA;;;;1;VENTE;;;TABLE_02
48547;26/07/2024;15:04:52;1174;TACOS MIXTE;TACOS;0.0000;0.0000;30.0000;1;0;30.0000;AMINA;;;;1;VENTE;;;TABLE_02
48547;26/07/2024;15:04:52;2376;--> TACOS;COMPO TACOS;0.0000;0.0000;0.0000;1;0;0.0000;AMINA;;;;1;VENTE;;;TABLE_02
48547;26/07/2024;15:04:52;10000;--> BIGGY;COMPO TACOS;0.0000;0.0000;0.0000;1;0;0.0000;AMINA;;;;1;VENTE;;;TABLE_02
48547;26/07/2024;15:04:52;7631;SODA 1L/EAU GAZEUSE 1L;ASSORTIMENTS;0.0000;0.0000;13.0000;1;0;13.0000;AMINA;;;;1;VENTE;;;TABLE_02
48548;26/07/2024;15:12:37;4754;SANDWICH MIX;SANDWICH;0.0000;0.0000;30.0000;1;0;30.0000;AMINA;;;;1;VENTE;;;TABLE_03
48549;26/07/2024;15:15:50;70227;SANDWICH VIANDE HACHEE;SANDWICH;0.0000;0.0000;23.0000;1;0;23.0000;AMINA;;;;1;VENTE;;;TABLE_01
48549;26/07/2024;15:15:50;70240;FRITE;ASSORTIMENTS;3.8000;3.8100;10.0000;2;0;20.0000;AMINA;;;;1;VENTE;;;TABLE_01
48549;26/07/2024;15:15:50;70227;SANDWICH VIANDE HACHEE;SANDWICH;0.0000;0.0000;23.0000;1;0;23.0000;AMINA;;;;1;VENTE;;;TABLE_01
48549;26/07/2024;15:15:50;8857;THE;ASSORTIMENTS;0.0000;0.0000;7.0000;1;0;7.0000;AMINA;;;;1;VENTE;;;TABLE_01
48550;26/07/2024;15:20:16;5617;TACOS POULET;TACOS;0.0000;0.0000;23.0000;1;0;23.0000;AMINA;;;;1;VENTE;;;EMPORTER_02
48550;26/07/2024;15:20:16;2376;--> TACOS;COMPO TACOS;0.0000;0.0000;0.0000;1;0;0.0000;AMINA;;;;1;VENTE;;;EMPORTER_02
48550;26/07/2024;15:20:16;10000;--> BIGGY;COMPO TACOS;0.0000;0.0000;0.0000;1;0;0.0000;AMINA;;;;1;VENTE;;;EMPORTER_02
48551;26/07/2024;15:28:12;55;STEAK HACHEE NATURE;BOUCHERIE;0.0000;0.0000;135.0000;1.005;0;135.6800;AMINA;;;;1;VENTE;;;TABLE_45
48552;26/07/2024;15:33:58;5617;TACOS POULET;TACOS;0.0000;0.0000;23.0000;1;0;23.0000;AMINA;;;;1;VENTE;;;TABLE_01
48552;26/07/2024;15:33:58;2376;--> TACOS;COMPO TACOS;0.0000;0.0000;0.0000;1;0;0.0000;AMINA;;;;1;VENTE;;;TABLE_01
48552;26/07/2024;15:33:58;10000;--> BIGGY;COMPO TACOS;0.0000;0.0000;0.0000;1;0;0.0000;AMINA;;;;1;VENTE;;;TABLE_01
48552;26/07/2024;15:33:58;5648;SODA 25CL/EAU GAZEUSSE;ASSORTIMENTS;2.5500;0.2800;7.0000;1;0;7.0000;AMINA;;;;1;VENTE;;;TABLE_01
48553;26/07/2024;15:34:46;9053;TACOS VIANDE HACHEE;TACOS;0.0000;0.0000;25.0000;1;0;25.0000;AMINA;;;;1;VENTE;;;EMPORTER_03
48553;26/07/2024;15:34:46;2376;--> TACOS;COMPO TACOS;0.0000;0.0000;0.0000;1;0;0.0000;AMINA;;;;1;VENTE;;;EMPORTER_03
48553;26/07/2024;15:34:46;10000;--> BIGGY;COMPO TACOS;0.0000;0.0000;0.0000;1;0;0.0000;AMINA;;;;1;VENTE;;;EMPORTER_03
48553;26/07/2024;15:34:46;70240;FRITE;ASSORTIMENTS;3.8000;3.8100;10.0000;1;0;10.0000;AMINA;;;;1;VENTE;;;EMPORTER_03
48553;26/07/2024;15:34:46;CODE_COMM;--> sauce moutard a part;ASSORTIMENTS;0.0000;0.0000;0.0000;0;0;0.0000;AMINA;;;;1;VENTE;;;EMPORTER_03
48554;26/07/2024;15:35:18;612;SHAWARMA;BOUCHERIE;0.0000;0.0000;85.0000;0.35;0;29.7500;AMINA;;;;1;VENTE;;;TABLE_45
48555;26/07/2024;15:36:08;1174;TACOS MIXTE;TACOS;0.0000;0.0000;30.0000;2;0;60.0000;AMINA;;;;1;VENTE;;;EMPORTER_01
48555;26/07/2024;15:36:08;2376;--> TACOS;COMPO TACOS;0.0000;0.0000;0.0000;2;0;0.0000;AMINA;;;;1;VENTE;;;EMPORTER_01
48555;26/07/2024;15:36:08;4360;--> ALGERIENNE;COMPO TACOS;0.0000;0.0000;0.0000;2;0;0.0000;AMINA;;;;1;VENTE;;;EMPORTER_01
48556;26/07/2024;15:43:06;175;COUT GRILLADE;GRILLADE;0.0000;0.0000;30.0000;0.345;0;10.3500;AMINA;;;;1;VENTE;;;EMPORTER_02
48556;26/07/2024;15:43:06;4;VIANDE HACHEE;BOUCHERIE;80.0000;80.0000;115.0000;0.345;0;39.6800;AMINA;;;;1;VENTE;;;EMPORTER_02
48557;26/07/2024;15:43:40;9053;TACOS VIANDE HACHEE;TACOS;0.0000;0.0000;25.0000;1;0;25.0000;AMINA;;;;1;VENTE;;;EMPORTER_01
48557;26/07/2024;15:43:40;2376;--> TACOS;COMPO TACOS;0.0000;0.0000;0.0000;1;0;0.0000;AMINA;;;;1;VENTE;;;EMPORTER_01
48557;26/07/2024;15:43:40;CODE_COMM;--> samouray;COMPO TACOS;0.0000;0.0000;0.0000;0;0;0.0000;AMINA;;;;1;VENTE;;;EMPORTER_01
48558;26/07/2024;15:44:14;9053;TACOS VIANDE HACHEE;TACOS;0.0000;0.0000;25.0000;1;0;25.0000;AMINA;;;;1;VENTE;;;TABLE_02
48558;26/07/2024;15:44:14;2376;--> TACOS;COMPO TACOS;0.0000;0.0000;0.0000;1;0;0.0000;AMINA;;;;1;VENTE;;;TABLE_02
48558;26/07/2024;15:44:14;4360;--> ALGERIENNE;COMPO TACOS;0.0000;0.0000;0.0000;1;0;0.0000;AMINA;;;;1;VENTE;;;TABLE_02
48559;26/07/2024;15:46:20;614;CORDON BLEU;BOUCHERIE;62.0000;62.0000;90.0000;1.005;0;90.4500;AMINA;;;;1;VENTE;;;TABLE_45
48559;26/07/2024;15:46:20;3;SAUCISSE BF;BOUCHERIE;80.0000;80.0000;110.0000;0.53;0;58.3000;AMINA;;;;1;VENTE;;;TABLE_45
48559;26/07/2024;15:46:20;4;VIANDE HACHEE;BOUCHERIE;80.0000;80.0000;115.0000;0.77;0;88.5500;AMINA;;;;1;VENTE;;;TABLE_45
48559;26/07/2024;15:46:20;506;CUISSE POIVRE;BOUCHERIE;67.0000;67.1800;120.0000;0.215;0;25.8000;AMINA;;;;1;VENTE;;;TABLE_45
48560;26/07/2024;15:59:06;70227;SANDWICH VIANDE HACHEE;SANDWICH;0.0000;0.0000;23.0000;1;0;23.0000;AMINA;;;;1;VENTE;;;EMPORTER_01
48560;26/07/2024;15:59:06;70240;FRITE;ASSORTIMENTS;3.8000;3.8100;10.0000;1;0;10.0000;AMINA;;;;1;VENTE;;;EMPORTER_01
48561;26/07/2024;16:01:10;175;COUT GRILLADE;GRILLADE;0.0000;0.0000;30.0000;0.655;0;19.6500;AMINA;;;;1;VENTE;;;TABLE_10
48561;26/07/2024;16:01:10;100;CERVELLE AGN;BOUCHERIE;20.0000;19.9900;30.0000;2;0;60.0000;AMINA;;;;1;VENTE;;;TABLE_10
48561;26/07/2024;16:01:10;602;SAUCISSE DE FOIE PLT;BOUCHERIE;0.0000;0.0000;85.0000;0.195;0;16.5800;AMINA;;;;1;VENTE;;;TABLE_10
48561;26/07/2024;16:01:10;608;PASTELLE/ROULEAUX PLT;BOUCHERIE;0.0000;0.0000;90.0000;0.265;0;23.8500;AMINA;;;;1;VENTE;;;TABLE_10
48561;26/07/2024;16:01:10;CODE_COMM;--> GR N° 4;BOUCHERIE;0.0000;0.0000;0.0000;0;0;0.0000;AMINA;;;;1;VENTE;;;TABLE_10
48562;26/07/2024;16:03:51;70222;SANDWICH VIANDE;SANDWICH;0.0000;0.0000;25.0000;1;0;25.0000;AMINA;;;;1;VENTE;;;TABLE_03
48562;26/07/2024;16:03:51;70240;FRITE;ASSORTIMENTS;3.8000;3.8100;10.0000;1;0;10.0000;AMINA;;;;1;VENTE;;;TABLE_03
48563;26/07/2024;16:05:28;4;VIANDE HACHEE;BOUCHERIE;80.0000;80.0000;115.0000;0.35;0;40.2500;AMINA;;;;1;VENTE;;;TABLE_45
48564;26/07/2024;16:14:01;9053;TACOS VIANDE HACHEE;TACOS;0.0000;0.0000;25.0000;1;0;25.0000;AMINA;;;;1;VENTE;;;EMPORTER_02
48564;26/07/2024;16:14:01;2376;--> TACOS;COMPO TACOS;0.0000;0.0000;0.0000;1;0;0.0000;AMINA;;;;1;VENTE;;;EMPORTER_02
48564;26/07/2024;16:14:01;10000;--> BIGGY;COMPO TACOS;0.0000;0.0000;0.0000;1;0;0.0000;AMINA;;;;1;VENTE;;;EMPORTER_02
48564;26/07/2024;16:14:01;CODE_COMM;--> ss fromage;COMPO TACOS;0.0000;0.0000;0.0000;0;0;0.0000;AMINA;;;;1;VENTE;;;EMPORTER_02
48565;26/07/2024;16:15:46;9053;TACOS VIANDE HACHEE;TACOS;0.0000;0.0000;25.0000;1;0;25.0000;AMINA;;;;1;VENTE;;;EMPORTER_01
48565;26/07/2024;16:15:46;2376;--> TACOS;COMPO TACOS;0.0000;0.0000;0.0000;1;0;0.0000;AMINA;;;;1;VENTE;;;EMPORTER_01
48565;26/07/2024;16:15:46;10000;--> BIGGY;COMPO TACOS;0.0000;0.0000;0.0000;1;0;0.0000;AMINA;;;;1;VENTE;;;EMPORTER_01
48566;26/07/2024;16:18:24;5617;TACOS POULET;TACOS;0.0000;0.0000;23.0000;1;0;23.0000;AMINA;;;;1;VENTE;;;TABLE_01
48566;26/07/2024;16:18:24;2376;--> TACOS;COMPO TACOS;0.0000;0.0000;0.0000;1;0;0.0000;AMINA;;;;1;VENTE;;;TABLE_01
48566;26/07/2024;16:18:24;4360;--> ALGERIENNE;COMPO TACOS;0.0000;0.0000;0.0000;1;0;0.0000;AMINA;;;;1;VENTE;;;TABLE_01
48566;26/07/2024;16:18:24;70240;FRITE;ASSORTIMENTS;3.8000;3.8100;10.0000;1;0;10.0000;AMINA;;;;1;VENTE;;;TABLE_01
48566;26/07/2024;16:18:24;5648;SODA 25CL/EAU GAZEUSSE;ASSORTIMENTS;2.5500;0.2800;7.0000;1;0;7.0000;AMINA;;;;1;VENTE;;;TABLE_01
48567;26/07/2024;16:25:59;9053;TACOS VIANDE HACHEE;TACOS;0.0000;0.0000;25.0000;1;0;25.0000;AMINA;;;;1;VENTE;;;TABLE_10
48567;26/07/2024;16:25:59;2376;--> TACOS;COMPO TACOS;0.0000;0.0000;0.0000;1;0;0.0000;AMINA;;;;1;VENTE;;;TABLE_10
48567;26/07/2024;16:25:59;4360;--> ALGERIENNE;COMPO TACOS;0.0000;0.0000;0.0000;1;0;0.0000;AMINA;;;;1;VENTE;;;TABLE_10
48567;26/07/2024;16:25:59;70240;FRITE;ASSORTIMENTS;3.8000;3.8100;10.0000;1;0;10.0000;AMINA;;;;1;VENTE;;;TABLE_10
48568;26/07/2024;16:27:37;5617;TACOS POULET;TACOS;0.0000;0.0000;23.0000;1;0;23.0000;AMINA;;;;1;VENTE;;;TABLE_02
48568;26/07/2024;16:27:37;2376;--> TACOS;COMPO TACOS;0.0000;0.0000;0.0000;1;0;0.0000;AMINA;;;;1;VENTE;;;TABLE_02
48568;26/07/2024;16:27:37;10000;--> BIGGY;COMPO TACOS;0.0000;0.0000;0.0000;1;0;0.0000;AMINA;;;;1;VENTE;;;TABLE_02
48568;26/07/2024;16:27:37;5617;TACOS POULET;TACOS;0.0000;0.0000;23.0000;1;0;23.0000;AMINA;;;;1;VENTE;;;TABLE_02
48568;26/07/2024;16:27:37;2376;--> TACOS;COMPO TACOS;0.0000;0.0000;0.0000;1;0;0.0000;AMINA;;;;1;VENTE;;;TABLE_02
48568;26/07/2024;16:27:37;10000;--> BIGGY;COMPO TACOS;0.0000;0.0000;0.0000;1;0;0.0000;AMINA;;;;1;VENTE;;;TABLE_02
48568;26/07/2024;16:27:37;70221;SANDWICH POULET;SANDWICH;0.0000;0.0000;20.0000;1;0;20.0000;AMINA;;;;1;VENTE;;;TABLE_02
48568;26/07/2024;16:27:37;70240;FRITE;ASSORTIMENTS;3.8000;3.8100;10.0000;1;0;10.0000;AMINA;;;;1;VENTE;;;TABLE_02
48568;26/07/2024;16:27:37;7631;SODA 1L/EAU GAZEUSE 1L;ASSORTIMENTS;0.0000;0.0000;13.0000;1;0;13.0000;AMINA;;;;1;VENTE;;;TABLE_02
48568;26/07/2024;16:27:37;5648;SODA 25CL/EAU GAZEUSSE;ASSORTIMENTS;2.5500;0.2800;7.0000;1;0;7.0000;AMINA;;;;1;VENTE;;;TABLE_02
48569;26/07/2024;16:35:18;5617;TACOS POULET;TACOS;0.0000;0.0000;23.0000;3;0;69.0000;AMINA;;;;1;VENTE;;;EMPORTER_02
48569;26/07/2024;16:35:18;2376;--> TACOS;COMPO TACOS;0.0000;0.0000;0.0000;3;0;0.0000;AMINA;;;;1;VENTE;;;EMPORTER_02
48569;26/07/2024;16:35:18;4360;--> ALGERIENNE;COMPO TACOS;0.0000;0.0000;0.0000;3;0;0.0000;AMINA;;;;1;VENTE;;;EMPORTER_02
48569;26/07/2024;16:35:18;70240;FRITE;ASSORTIMENTS;3.8000;3.8100;10.0000;3;0;30.0000;AMINA;;;;1;VENTE;;;EMPORTER_02
48570;26/07/2024;16:38:21;175;COUT GRILLADE;GRILLADE;0.0000;0.0000;30.0000;0.2;0;6.0000;AMINA;;;;1;VENTE;;;EMPORTER_01
48570;26/07/2024;16:38:21;601;FILET DE POULET NATURE;BOUCHERIE;0.0000;0.0000;80.0000;0.2;0;16.0000;AMINA;;;;1;VENTE;;;EMPORTER_01
48571;26/07/2024;16:42:50;9053;TACOS VIANDE HACHEE;TACOS;0.0000;0.0000;25.0000;1;0;25.0000;AMINA;;;;1;VENTE;;;EMPORTER_01
48571;26/07/2024;16:42:50;2376;--> TACOS;COMPO TACOS;0.0000;0.0000;0.0000;1;0;0.0000;AMINA;;;;1;VENTE;;;EMPORTER_01
48571;26/07/2024;16:42:50;4360;--> ALGERIENNE;COMPO TACOS;0.0000;0.0000;0.0000;1;0;0.0000;AMINA;;;;1;VENTE;;;EMPORTER_01
48571;26/07/2024;16:42:50;9053;TACOS VIANDE HACHEE;TACOS;0.0000;0.0000;25.0000;1;0;25.0000;AMINA;;;;1;VENTE;;;EMPORTER_01
48571;26/07/2024;16:42:50;2376;--> TACOS;COMPO TACOS;0.0000;0.0000;0.0000;1;0;0.0000;AMINA;;;;1;VENTE;;;EMPORTER_01
48571;26/07/2024;16:42:50;4360;--> ALGERIENNE;COMPO TACOS;0.0000;0.0000;0.0000;1;0;0.0000;AMINA;;;;1;VENTE;;;EMPORTER_01
48572;26/07/2024;16:47:42;3589;TACOS SAUCISSE;TACOS;0.0000;0.0000;25.0000;3;0;75.0000;AMINA;;;;1;VENTE;;;TABLE_01
48572;26/07/2024;16:47:42;2376;--> TACOS;COMPO TACOS;0.0000;0.0000;0.0000;3;0;0.0000;AMINA;;;;1;VENTE;;;TABLE_01
48572;26/07/2024;16:47:42;4360;--> ALGERIENNE;COMPO TACOS;0.0000;0.0000;0.0000;3;0;0.0000;AMINA;;;;1;VENTE;;;TABLE_01
48572;26/07/2024;16:47:42;5648;SODA 25CL/EAU GAZEUSSE;ASSORTIMENTS;2.5500;0.2800;7.0000;1;0;7.0000;AMINA;;;;1;VENTE;;;TABLE_01
48573;26/07/2024;16:59:09;626;FOIE DE POULET;BOUCHERIE;0.0000;0.0000;55.0000;0.135;0;7.4300;AMINA;;;;1;VENTE;;;TABLE_45
48573;26/07/2024;16:59:09;3;SAUCISSE BF;BOUCHERIE;80.0000;80.0000;110.0000;0.35;0;38.5000;AMINA;;;;1;VENTE;;;TABLE_45
48574;26/07/2024;17:00:00;4;VIANDE HACHEE;BOUCHERIE;80.0000;80.0000;115.0000;0.73;0;83.9500;AMINA;;;;1;VENTE;;;TABLE_45
48574;26/07/2024;17:00:00;3;SAUCISSE BF;BOUCHERIE;80.0000;80.0000;110.0000;0.195;0;21.4500;AMINA;;;;1;VENTE;;;TABLE_45
48575;26/07/2024;17:08:33;175;COUT GRILLADE;GRILLADE;0.0000;0.0000;30.0000;0.25;0;7.5000;AMINA;;;;1;VENTE;;;TABLE_10
48575;26/07/2024;17:08:33;4;VIANDE HACHEE;BOUCHERIE;80.0000;80.0000;115.0000;0.25;0;28.7500;AMINA;;;;1;VENTE;;;TABLE_10
48575;26/07/2024;17:08:33;CODE_COMM;--> GR N° 24;BOUCHERIE;0.0000;0.0000;0.0000;0;0;0.0000;AMINA;;;;1;VENTE;;;TABLE_10
48575;26/07/2024;17:08:33;5648;SODA 25CL/EAU GAZEUSSE;ASSORTIMENTS;2.5500;0.2800;7.0000;1;0;7.0000;AMINA;;;;1;VENTE;;;TABLE_10
48576;26/07/2024;17:09:20;618;STEAK BROCHETTE FILET  MARINE;BOUCHERIE;0.0000;0.0000;85.0000;0.355;0;30.1800;AMINA;;;;1;VENTE;;;TABLE_45
48576;26/07/2024;17:09:20;616;BOULETTE FROMAGE PLT;BOUCHERIE;0.0000;0.0000;85.0000;0.375;0;31.8800;AMINA;;;;1;VENTE;;;TABLE_45
48577;26/07/2024;17:11:39;9053;TACOS VIANDE HACHEE;TACOS;0.0000;0.0000;25.0000;1;0;25.0000;AMINA;;;;1;VENTE;;;EMPORTER_01
48577;26/07/2024;17:11:39;2376;--> TACOS;COMPO TACOS;0.0000;0.0000;0.0000;1;0;0.0000;AMINA;;;;1;VENTE;;;EMPORTER_01
48577;26/07/2024;17:11:39;10000;--> BIGGY;COMPO TACOS;0.0000;0.0000;0.0000;1;0;0.0000;AMINA;;;;1;VENTE;;;EMPORTER_01
48577;26/07/2024;17:11:39;70240;FRITE;ASSORTIMENTS;3.8000;3.8100;10.0000;1;0;10.0000;AMINA;;;;1;VENTE;;;EMPORTER_01
48578;26/07/2024;17:24:25;70221;SANDWICH POULET;SANDWICH;0.0000;0.0000;20.0000;1;0;20.0000;AMINA;;;;1;VENTE;;;EMPORTER_01
48578;26/07/2024;17:24:25;70240;FRITE;ASSORTIMENTS;3.8000;3.8100;10.0000;1;0;10.0000;AMINA;;;;1;VENTE;;;EMPORTER_01
48579;26/07/2024;17:26:22;611;NUGGETS;BOUCHERIE;51.0000;49.9200;80.0000;0.35;0;28.0000;AMINA;;;;1;VENTE;;;TABLE_45
48579;26/07/2024;17:26:22;614;CORDON BLEU;BOUCHERIE;62.0000;62.0000;90.0000;0.11;0;9.9000;AMINA;;;;1;VENTE;;;TABLE_45
48579;26/07/2024;17:26:22;614;CORDON BLEU;BOUCHERIE;62.0000;62.0000;90.0000;0.345;0;31.0500;AMINA;;;;1;VENTE;;;TABLE_45
48580;26/07/2024;17:28:36;70238;TAGINE CERVEILLE;TAGINE;0.0000;0.0000;40.0000;1;0;40.0000;AMINA;;;;1;VENTE;;;EMPORTER_02
48580;26/07/2024;17:28:36;70223;SANDWICH SAUCISSE;SANDWICH;0.0000;0.0000;23.0000;2;0;46.0000;AMINA;;;;1;VENTE;;;EMPORTER_02
48580;26/07/2024;17:28:36;70240;FRITE;ASSORTIMENTS;3.8000;3.8100;10.0000;1;0;10.0000;AMINA;;;;1;VENTE;;;EMPORTER_02
48580;26/07/2024;17:28:36;3740;RIZ;ASSORTIMENTS;0.0000;0.0000;10.0000;1;0;10.0000;AMINA;;;;1;VENTE;;;EMPORTER_02
48580;26/07/2024;17:28:36;CODE_COMM;--> saucisse epinard;ASSORTIMENTS;0.0000;0.0000;0.0000;0;0;0.0000;AMINA;;;;1;VENTE;;;EMPORTER_02
48581;26/07/2024;17:29:02;501;EDAM;BOUCHERIE;91.4300;91.6800;130.0000;0.24;0;31.2000;AMINA;;;;1;VENTE;;;TABLE_45
48581;26/07/2024;17:29:02;4;VIANDE HACHEE;BOUCHERIE;80.0000;80.0000;115.0000;0.425;0;48.8800;AMINA;;;;1;VENTE;;;TABLE_45
48582;26/07/2024;17:31:13;33;EPAULE AGN;BOUCHERIE;90.0000;90.0000;140.0000;0.61;0;85.4000;AMINA;;;;1;VENTE;;;TABLE_41
48582;26/07/2024;17:31:13;615;SAUCIISE DE PLT;BOUCHERIE;0.0000;0.0000;85.0000;0.75;0;63.7500;AMINA;;;;1;VENTE;;;TABLE_41
48582;26/07/2024;17:31:13;501;EDAM;BOUCHERIE;91.4300;91.6800;130.0000;0.795;0;103.3500;AMINA;;;;1;VENTE;;;TABLE_41
48583;26/07/2024;17:31:39;3740;RIZ;ASSORTIMENTS;0.0000;0.0000;10.0000;1;0;10.0000;AMINA;;;;1;VENTE;;;EMPORTER_02
48583;26/07/2024;17:31:39;70240;FRITE;ASSORTIMENTS;3.8000;3.8100;10.0000;1;0;10.0000;AMINA;;;;1;VENTE;;;EMPORTER_02
48584;26/07/2024;17:36:07;501;EDAM;BOUCHERIE;91.4300;91.6800;130.0000;0.225;0;29.2500;AMINA;;;;1;VENTE;;;TABLE_45
48585;26/07/2024;17:40:32;1174;TACOS MIXTE;TACOS;0.0000;0.0000;30.0000;2;0;60.0000;AMINA;;;;1;VENTE;;;EMPORTER_01
48585;26/07/2024;17:40:32;2376;--> TACOS;COMPO TACOS;0.0000;0.0000;0.0000;2;0;0.0000;AMINA;;;;1;VENTE;;;EMPORTER_01
48585;26/07/2024;17:40:32;10000;--> BIGGY;COMPO TACOS;0.0000;0.0000;0.0000;2;0;0.0000;AMINA;;;;1;VENTE;;;EMPORTER_01
48585;26/07/2024;17:40:32;1174;TACOS MIXTE;TACOS;0.0000;0.0000;30.0000;1;0;30.0000;AMINA;;;;1;VENTE;;;EMPORTER_01
48585;26/07/2024;17:40:32;2376;--> TACOS;COMPO TACOS;0.0000;0.0000;0.0000;1;0;0.0000;AMINA;;;;1;VENTE;;;EMPORTER_01
48585;26/07/2024;17:40:32;4360;--> ALGERIENNE;COMPO TACOS;0.0000;0.0000;0.0000;1;0;0.0000;AMINA;;;;1;VENTE;;;EMPORTER_01
48585;26/07/2024;17:40:32;3355;ZAALOK;ASSORTIMENTS;0.0000;0.0000;10.0000;2;0;20.0000;AMINA;;;;1;VENTE;;;EMPORTER_01
48586;26/07/2024;17:43:06;559;PEPPERONI DE DINDE;SHOP;22.0000;22.0000;32.0000;1;0;32.0000;AMINA;;;;1;VENTE;;;TABLE_45
48587;26/07/2024;17:45:46;1174;TACOS MIXTE;TACOS;0.0000;0.0000;30.0000;1;0;30.0000;AMINA;;;;1;VENTE;;;EMPORTER_01
48587;26/07/2024;17:45:46;2376;--> TACOS;COMPO TACOS;0.0000;0.0000;0.0000;1;0;0.0000;AMINA;;;;1;VENTE;;;EMPORTER_01
48587;26/07/2024;17:45:46;CODE_COMM;--> ss sauce;COMPO TACOS;0.0000;0.0000;0.0000;0;0;0.0000;AMINA;;;;1;VENTE;;;EMPORTER_01
48587;26/07/2024;17:45:46;CODE_COMM;--> alg et bbq separe;COMPO TACOS;0.0000;0.0000;0.0000;0;0;0.0000;AMINA;;;;1;VENTE;;;EMPORTER_01
48587;26/07/2024;17:45:46;70240;FRITE;ASSORTIMENTS;3.8000;3.8100;10.0000;1;0;10.0000;AMINA;;;;1;VENTE;;;EMPORTER_01
48588;26/07/2024;17:46:54;9053;TACOS VIANDE HACHEE;TACOS;0.0000;0.0000;25.0000;1;0;25.0000;AMINA;;;;1;VENTE;;;EMPORTER_01
48588;26/07/2024;17:46:54;2376;--> TACOS;COMPO TACOS;0.0000;0.0000;0.0000;1;0;0.0000;AMINA;;;;1;VENTE;;;EMPORTER_01
48588;26/07/2024;17:46:54;10000;--> BIGGY;COMPO TACOS;0.0000;0.0000;0.0000;1;0;0.0000;AMINA;;;;1;VENTE;;;EMPORTER_01
48589;26/07/2024;18:07:03;5648;SODA 25CL/EAU GAZEUSSE;ASSORTIMENTS;2.5500;0.2800;7.0000;1;0;7.0000;AMINA;;;;1;VENTE;;;TABLE_03
48590;26/07/2024;18:07:58;4;VIANDE HACHEE;BOUCHERIE;80.0000;80.0000;115.0000;0.52;0;59.8000;AMINA;;;;1;VENTE;;;TABLE_45
48590;26/07/2024;18:07:58;3;SAUCISSE BF;BOUCHERIE;80.0000;80.0000;110.0000;0.36;0;39.6000;AMINA;;;;1;VENTE;;;TABLE_45
48591;26/07/2024;18:11:05;315;SAND VIANDE;GLOVO;0.0000;0.0000;40.0000;1;0;40.0000;AMINA;;;;1;VENTE;;;LIVRAISON_01
48591;26/07/2024;18:11:05;1937;FRITE;GLOVO;0.0000;0.0000;14.0000;1;0;14.0000;AMINA;;;;1;VENTE;;;LIVRAISON_01
48591;26/07/2024;18:11:05;5486;SAND POULET;GLOVO;0.0000;0.0000;35.0000;1;0;35.0000;AMINA;;;;1;VENTE;;;LIVRAISON_01
48591;26/07/2024;18:11:05;1937;FRITE;GLOVO;0.0000;0.0000;14.0000;1;0;14.0000;AMINA;;;;1;VENTE;;;LIVRAISON_01
48591;26/07/2024;18:11:05;CODE_COMM;--> glo;GLOVO;0.0000;0.0000;0.0000;0;0;0.0000;AMINA;;;;1;VENTE;;;LIVRAISON_01
48592;26/07/2024;18:11:35;618;STEAK BROCHETTE FILET  MARINE;BOUCHERIE;0.0000;0.0000;85.0000;0.255;0;21.6800;AMINA;;;;1;VENTE;;;EMPORTER_02
48592;26/07/2024;18:11:35;4;VIANDE HACHEE;BOUCHERIE;80.0000;80.0000;115.0000;0.235;0;27.0300;AMINA;;;;1;VENTE;;;EMPORTER_02
48592;26/07/2024;18:11:35;175;COUT GRILLADE;GRILLADE;0.0000;0.0000;30.0000;0.49;0;14.7000;AMINA;;;;1;VENTE;;;EMPORTER_02
48593;26/07/2024;18:12:16;5944;TACOS V HACHEE;GLOVO;0.0000;0.0000;42.0000;1;0;42.0000;AMINA;;;;1;VENTE;;;LIVRAISON_02
48593;26/07/2024;18:12:16;2376;--> TACOS;COMPO TACOS;0.0000;0.0000;0.0000;1;0;0.0000;AMINA;;;;1;VENTE;;;LIVRAISON_02
48593;26/07/2024;18:12:16;4360;--> ALGERIENNE;COMPO TACOS;0.0000;0.0000;0.0000;1;0;0.0000;AMINA;;;;1;VENTE;;;LIVRAISON_02
48593;26/07/2024;18:12:16;1937;FRITE;GLOVO;0.0000;0.0000;14.0000;1;0;14.0000;AMINA;;;;1;VENTE;;;LIVRAISON_02
48593;26/07/2024;18:12:16;CODE_COMM;--> glo;GLOVO;0.0000;0.0000;0.0000;0;0;0.0000;AMINA;;;;1;VENTE;;;LIVRAISON_02
48594;26/07/2024;18:13:39;9053;TACOS VIANDE HACHEE;TACOS;0.0000;0.0000;25.0000;1;0;25.0000;AMINA;;;;1;VENTE;;;EMPORTER_01
48594;26/07/2024;18:13:39;2376;--> TACOS;COMPO TACOS;0.0000;0.0000;0.0000;1;0;0.0000;AMINA;;;;1;VENTE;;;EMPORTER_01
48594;26/07/2024;18:13:39;10000;--> BIGGY;COMPO TACOS;0.0000;0.0000;0.0000;1;0;0.0000;AMINA;;;;1;VENTE;;;EMPORTER_01
48594;26/07/2024;18:13:39;CODE_COMM;--> ss fromage;COMPO TACOS;0.0000;0.0000;0.0000;0;0;0.0000;AMINA;;;;1;VENTE;;;EMPORTER_01
48594;26/07/2024;18:13:39;70240;FRITE;ASSORTIMENTS;3.8000;3.8100;10.0000;1;0;10.0000;AMINA;;;;1;VENTE;;;EMPORTER_01
48595;26/07/2024;18:24:01;9053;TACOS VIANDE HACHEE;TACOS;0.0000;0.0000;25.0000;1;0;25.0000;AMINA;;;;1;VENTE;;;TABLE_01
48595;26/07/2024;18:24:01;2376;--> TACOS;COMPO TACOS;0.0000;0.0000;0.0000;1;0;0.0000;AMINA;;;;1;VENTE;;;TABLE_01
48595;26/07/2024;18:24:01;4360;--> ALGERIENNE;COMPO TACOS;0.0000;0.0000;0.0000;1;0;0.0000;AMINA;;;;1;VENTE;;;TABLE_01
48595;26/07/2024;18:24:01;3589;TACOS SAUCISSE;TACOS;0.0000;0.0000;25.0000;1;0;25.0000;AMINA;;;;1;VENTE;;;TABLE_01
48595;26/07/2024;18:24:01;2376;--> TACOS;COMPO TACOS;0.0000;0.0000;0.0000;1;0;0.0000;AMINA;;;;1;VENTE;;;TABLE_01
48595;26/07/2024;18:24:01;5485;--> SHEEZY;COMPO TACOS;0.0000;0.0000;0.0000;1;0;0.0000;AMINA;;;;1;VENTE;;;TABLE_01
48595;26/07/2024;18:24:01;5648;SODA 25CL/EAU GAZEUSSE;ASSORTIMENTS;2.5500;0.2800;7.0000;1;0;7.0000;AMINA;;;;1;VENTE;;;TABLE_01
48595;26/07/2024;18:24:01;5648;SODA 25CL/EAU GAZEUSSE;ASSORTIMENTS;2.5500;0.2800;7.0000;1;0;7.0000;AMINA;;;;1;VENTE;;;TABLE_01
48596;26/07/2024;18:27:48;1174;TACOS MIXTE;TACOS;0.0000;0.0000;30.0000;1;0;30.0000;AMINA;;;;1;VENTE;;;EMPORTER_01
48596;26/07/2024;18:27:48;2376;--> TACOS;COMPO TACOS;0.0000;0.0000;0.0000;1;0;0.0000;AMINA;;;;1;VENTE;;;EMPORTER_01
48596;26/07/2024;18:27:48;10000;--> BIGGY;COMPO TACOS;0.0000;0.0000;0.0000;1;0;0.0000;AMINA;;;;1;VENTE;;;EMPORTER_01
48597;26/07/2024;18:29:14;6316;SAND SAUCISSE;GLOVO;0.0000;0.0000;38.0000;1;0;38.0000;OUMAIMA;;;;1;VENTE;;;LIVRAISON_03
48597;26/07/2024;18:29:14;1937;FRITE;GLOVO;0.0000;0.0000;14.0000;1;0;14.0000;OUMAIMA;;;;1;VENTE;;;LIVRAISON_03
48597;26/07/2024;18:29:14;5486;SAND POULET;GLOVO;0.0000;0.0000;35.0000;1;0;35.0000;OUMAIMA;;;;1;VENTE;;;LIVRAISON_03
48597;26/07/2024;18:29:14;CODE_COMM;--> glo;GLOVO;0.0000;0.0000;0.0000;0;0;0.0000;OUMAIMA;;;;1;VENTE;;;LIVRAISON_03
48598;26/07/2024;18:36:52;618;STEAK BROCHETTE FILET  MARINE;BOUCHERIE;0.0000;0.0000;85.0000;0.355;0;30.1800;OUMAIMA;;;;1;VENTE;;;TABLE_45
48598;26/07/2024;18:36:52;4;VIANDE HACHEE;BOUCHERIE;80.0000;80.0000;115.0000;0.35;0;40.2500;OUMAIMA;;;;1;VENTE;;;TABLE_45
48599;26/07/2024;18:41:32;3740;RIZ;ASSORTIMENTS;0.0000;0.0000;10.0000;1;0;10.0000;OUMAIMA;;;;1;VENTE;;;TABLE_01
48599;26/07/2024;18:41:32;3740;RIZ;ASSORTIMENTS;0.0000;0.0000;10.0000;1;0;10.0000;OUMAIMA;;;;1;VENTE;;;TABLE_01
48600;26/07/2024;18:52:22;612;SHAWARMA;BOUCHERIE;0.0000;0.0000;85.0000;0.24;0;20.4000;OUMAIMA;;;;1;VENTE;;;TABLE_45
48601;26/07/2024;18:54:52;14;FAUX FILET;BOUCHERIE;80.0000;80.0000;145.0000;0.945;0;137.0300;OUMAIMA;;;;1;VENTE;;;TABLE_45
48602;26/07/2024;18:55:33;70227;SANDWICH VIANDE HACHEE;SANDWICH;0.0000;0.0000;23.0000;2;0;46.0000;OUMAIMA;;;;1;VENTE;;;EMPORTER_01
48603;26/07/2024;19:02:26;55;STEAK HACHEE NATURE;BOUCHERIE;0.0000;0.0000;135.0000;0.135;0;18.2300;OUMAIMA;;;;1;VENTE;;;TABLE_45
48604;26/07/2024;19:02:38;175;COUT GRILLADE;GRILLADE;0.0000;0.0000;30.0000;0.9;0;27.0000;OUMAIMA;;;;1;VENTE;;;TABLE_10
48604;26/07/2024;19:02:38;4;VIANDE HACHEE;BOUCHERIE;80.0000;80.0000;115.0000;0.505;0;58.0800;OUMAIMA;;;;1;VENTE;;;TABLE_10
48604;26/07/2024;19:02:38;100;CERVELLE AGN;BOUCHERIE;20.0000;19.9900;30.0000;1;0;30.0000;OUMAIMA;;;;1;VENTE;;;TABLE_10
48604;26/07/2024;19:02:38;3;SAUCISSE BF;BOUCHERIE;80.0000;80.0000;110.0000;0.285;0;31.3500;OUMAIMA;;;;1;VENTE;;;TABLE_10
48604;26/07/2024;19:02:38;CODE_COMM;--> GR N° 11;BOUCHERIE;0.0000;0.0000;0.0000;0;0;0.0000;OUMAIMA;;;;1;VENTE;;;TABLE_10
48604;26/07/2024;19:02:38;7798;THE MOYEN;ASSORTIMENTS;0.0000;0.0000;12.0000;1;0;12.0000;OUMAIMA;;;;1;VENTE;;;TABLE_10
48604;26/07/2024;19:02:38;CODE_COMM;--> SOKARE BRA;ASSORTIMENTS;0.0000;0.0000;0.0000;0;0;0.0000;OUMAIMA;;;;1;VENTE;;;TABLE_10
48605;26/07/2024;19:03:05;615;SAUCIISE DE PLT;BOUCHERIE;0.0000;0.0000;85.0000;0.355;0;30.1800;OUMAIMA;;;;1;VENTE;;;TABLE_45
48606;26/07/2024;19:10:15;4;VIANDE HACHEE;BOUCHERIE;80.0000;80.0000;115.0000;0.175;0;20.1300;OUMAIMA;;;;1;VENTE;;;TABLE_45
48607;26/07/2024;19:14:47;70221;SANDWICH POULET;SANDWICH;0.0000;0.0000;20.0000;1;0;20.0000;OUMAIMA;;;;1;VENTE;;;EMPORTER_02
48607;26/07/2024;19:14:47;70223;SANDWICH SAUCISSE;SANDWICH;0.0000;0.0000;23.0000;1;0;23.0000;OUMAIMA;;;;1;VENTE;;;EMPORTER_02
48607;26/07/2024;19:14:47;70240;FRITE;ASSORTIMENTS;3.8000;3.8100;10.0000;1;0;10.0000;OUMAIMA;;;;1;VENTE;;;EMPORTER_02
48608;26/07/2024;19:15:13;5648;SODA 25CL/EAU GAZEUSSE;ASSORTIMENTS;2.5500;0.2800;7.0000;1;0;7.0000;OUMAIMA;;;;1;VENTE;;;TABLE_02
48609;26/07/2024;19:16:04;3;SAUCISSE BF;BOUCHERIE;80.0000;80.0000;110.0000;0.28;0;30.8000;OUMAIMA;;;;1;VENTE;;;TABLE_45
48609;26/07/2024;19:16:04;601;FILET DE POULET NATURE;BOUCHERIE;0.0000;0.0000;80.0000;0.19;0;15.2000;OUMAIMA;;;;1;VENTE;;;TABLE_45
48610;26/07/2024;19:19:07;5617;TACOS POULET;TACOS;0.0000;0.0000;23.0000;1;0;23.0000;OUMAIMA;;;;1;VENTE;;;EMPORTER_02
48610;26/07/2024;19:19:07;2376;--> TACOS;COMPO TACOS;0.0000;0.0000;0.0000;1;0;0.0000;OUMAIMA;;;;1;VENTE;;;EMPORTER_02
48610;26/07/2024;19:19:07;10000;--> BIGGY;COMPO TACOS;0.0000;0.0000;0.0000;1;0;0.0000;OUMAIMA;;;;1;VENTE;;;EMPORTER_02
48611;26/07/2024;19:22:42;15;EPAULE DE BF;BOUCHERIE;80.0000;80.0000;115.0000;2.125;0;244.3800;OUMAIMA;;;;1;VENTE;;;TABLE_45
48611;26/07/2024;19:22:42;4;VIANDE HACHEE;BOUCHERIE;80.0000;80.0000;115.0000;1.015;0;116.7300;OUMAIMA;;;;1;VENTE;;;TABLE_45
48611;26/07/2024;19:22:42;14;FAUX FILET;BOUCHERIE;80.0000;80.0000;145.0000;0.69;0;100.0500;OUMAIMA;;;;1;VENTE;;;TABLE_45
48612;26/07/2024;19:26:26;9053;TACOS VIANDE HACHEE;TACOS;0.0000;0.0000;25.0000;2;0;50.0000;OUMAIMA;;;;1;VENTE;;;EMPORTER_01
48612;26/07/2024;19:26:26;2376;--> TACOS;COMPO TACOS;0.0000;0.0000;0.0000;2;0;0.0000;OUMAIMA;;;;1;VENTE;;;EMPORTER_01
48612;26/07/2024;19:26:26;4360;--> ALGERIENNE;COMPO TACOS;0.0000;0.0000;0.0000;2;0;0.0000;OUMAIMA;;;;1;VENTE;;;EMPORTER_01
48612;26/07/2024;19:26:26;10000;--> BIGGY;COMPO TACOS;0.0000;0.0000;0.0000;2;0;0.0000;OUMAIMA;;;;1;VENTE;;;EMPORTER_01
48613;26/07/2024;19:33:27;505;JAMBON FUME;BOUCHERIE;66.0000;68.4300;120.0000;0.105;0;12.6000;OUMAIMA;;;;1;VENTE;;;TABLE_45
48614;26/07/2024;19:37:39;4;VIANDE HACHEE;BOUCHERIE;80.0000;80.0000;115.0000;0.26;0;29.9000;OUMAIMA;;;;1;VENTE;;;TABLE_45
48614;26/07/2024;19:37:39;3;SAUCISSE BF;BOUCHERIE;80.0000;80.0000;110.0000;0.275;0;30.2500;OUMAIMA;;;;1;VENTE;;;TABLE_45
48615;26/07/2024;19:38:16;70221;SANDWICH POULET;SANDWICH;0.0000;0.0000;20.0000;1;0;20.0000;OUMAIMA;;;;1;VENTE;;;TABLE_02
48615;26/07/2024;19:38:16;CODE_COMM;--> ss laitue;SANDWICH;0.0000;0.0000;0.0000;0;0;0.0000;OUMAIMA;;;;1;VENTE;;;TABLE_02
48616;26/07/2024;19:39:25;612;SHAWARMA;BOUCHERIE;0.0000;0.0000;85.0000;0.505;0;42.9300;OUMAIMA;;;;1;VENTE;;;TABLE_45
48617;26/07/2024;19:47:05;70240;FRITE;ASSORTIMENTS;3.8000;3.8100;10.0000;1;0;10.0000;OUMAIMA;;;;1;VENTE;;;TABLE_02
48618;26/07/2024;19:49:00;612;SHAWARMA;BOUCHERIE;0.0000;0.0000;85.0000;0.355;0;30.1800;OUMAIMA;;;;1;VENTE;;;TABLE_45
48619;26/07/2024;19:50:06;5617;TACOS POULET;TACOS;0.0000;0.0000;23.0000;3;0;69.0000;OUMAIMA;;;;1;VENTE;;;EMPORTER_02
48619;26/07/2024;19:50:06;2376;--> TACOS;COMPO TACOS;0.0000;0.0000;0.0000;3;0;0.0000;OUMAIMA;;;;1;VENTE;;;EMPORTER_02
48619;26/07/2024;19:50:06;10000;--> BIGGY;COMPO TACOS;0.0000;0.0000;0.0000;3;0;0.0000;OUMAIMA;;;;1;VENTE;;;EMPORTER_02
48620;26/07/2024;19:53:13;175;COUT GRILLADE;GRILLADE;0.0000;0.0000;30.0000;0.68;0;20.4000;OUMAIMA;;;;1;VENTE;;;TABLE_10
48620;26/07/2024;19:53:13;608;PASTELLE/ROULEAUX PLT;BOUCHERIE;0.0000;0.0000;90.0000;0.115;0;10.3500;OUMAIMA;;;;1;VENTE;;;TABLE_10
48620;26/07/2024;19:53:13;605;PILON PLT MARINEE;BOUCHERIE;0.0000;0.0000;65.0000;0.57;0;37.0500;OUMAIMA;;;;1;VENTE;;;TABLE_10
48620;26/07/2024;19:53:13;CODE_COMM;--> GR N° 10;BOUCHERIE;0.0000;0.0000;0.0000;0;0;0.0000;OUMAIMA;;;;1;VENTE;;;TABLE_10
48620;26/07/2024;19:53:13;8857;THE;ASSORTIMENTS;0.0000;0.0000;7.0000;1;0;7.0000;OUMAIMA;;;;1;VENTE;;;TABLE_10
48620;26/07/2024;19:53:13;CODE_COMM;--> SS SUCRE;ASSORTIMENTS;0.0000;0.0000;0.0000;0;0;0.0000;OUMAIMA;;;;1;VENTE;;;TABLE_10
48620;26/07/2024;19:53:13;3740;RIZ;ASSORTIMENTS;0.0000;0.0000;10.0000;1;0;10.0000;OUMAIMA;;;;1;VENTE;;;TABLE_10
48621;26/07/2024;19:54:06;5748;L FAMILA;L FAMILA PLAT;0.0000;0.0000;250.0000;1;0;250.0000;OUMAIMA;;;;1;VENTE;;;TABLE_01
48622;26/07/2024;19:57:48;1174;TACOS MIXTE;TACOS;0.0000;0.0000;30.0000;1;0;30.0000;OUMAIMA;;;;1;VENTE;;;EMPORTER_02
48622;26/07/2024;19:57:48;2376;--> TACOS;COMPO TACOS;0.0000;0.0000;0.0000;1;0;0.0000;OUMAIMA;;;;1;VENTE;;;EMPORTER_02
48622;26/07/2024;19:57:48;4360;--> ALGERIENNE;COMPO TACOS;0.0000;0.0000;0.0000;1;0;0.0000;OUMAIMA;;;;1;VENTE;;;EMPORTER_02
48622;26/07/2024;19:57:48;70240;FRITE;ASSORTIMENTS;3.8000;3.8100;10.0000;1;0;10.0000;OUMAIMA;;;;1;VENTE;;;EMPORTER_02
48623;26/07/2024;20:15:17;3589;TACOS SAUCISSE;TACOS;0.0000;0.0000;25.0000;2;0;50.0000;OUMAIMA;;;;1;VENTE;;;EMPORTER_01
48623;26/07/2024;20:15:17;2376;--> TACOS;COMPO TACOS;0.0000;0.0000;0.0000;2;0;0.0000;OUMAIMA;;;;1;VENTE;;;EMPORTER_01
48623;26/07/2024;20:15:17;4360;--> ALGERIENNE;COMPO TACOS;0.0000;0.0000;0.0000;2;0;0.0000;OUMAIMA;;;;1;VENTE;;;EMPORTER_01
48624;26/07/2024;20:21:04;612;SHAWARMA;BOUCHERIE;0.0000;0.0000;85.0000;0.29;0;24.6500;OUMAIMA;;;;1;VENTE;;;TABLE_45
48625;26/07/2024;20:23:19;3;SAUCISSE BF;BOUCHERIE;80.0000;80.0000;110.0000;0.585;0;64.3500;OUMAIMA;;;;1;VENTE;;;TABLE_45
48625;26/07/2024;20:23:19;618;STEAK BROCHETTE FILET  MARINE;BOUCHERIE;0.0000;0.0000;85.0000;0.54;0;45.9000;OUMAIMA;;;;1;VENTE;;;TABLE_45
48626;26/07/2024;20:23:55;4;VIANDE HACHEE;BOUCHERIE;80.0000;80.0000;115.0000;0.09;0;10.3500;OUMAIMA;;;;1;VENTE;;;TABLE_45
48627;26/07/2024;20:31:08;33;EPAULE AGN;BOUCHERIE;90.0000;90.0000;140.0000;3.175;0;444.5000;OUMAIMA;;;;1;VENTE;;;TABLE_45
48628;26/07/2024;20:32:41;70221;SANDWICH POULET;SANDWICH;0.0000;0.0000;20.0000;2;0;40.0000;OUMAIMA;;;;1;VENTE;;;EMPORTER_01
48629;26/07/2024;20:36:46;626;FOIE DE POULET;BOUCHERIE;0.0000;0.0000;55.0000;0.37;0;20.3500;OUMAIMA;;;;1;VENTE;;;TABLE_45
48630;26/07/2024;20:40:01;9053;TACOS VIANDE HACHEE;TACOS;0.0000;0.0000;25.0000;2;0;50.0000;OUMAIMA;;;;1;VENTE;;;EMPORTER_02
48630;26/07/2024;20:40:01;2376;--> TACOS;COMPO TACOS;0.0000;0.0000;0.0000;2;0;0.0000;OUMAIMA;;;;1;VENTE;;;EMPORTER_02
48630;26/07/2024;20:40:01;4360;--> ALGERIENNE;COMPO TACOS;0.0000;0.0000;0.0000;2;0;0.0000;OUMAIMA;;;;1;VENTE;;;EMPORTER_02
48631;26/07/2024;20:43:48;5617;TACOS POULET;TACOS;0.0000;0.0000;23.0000;2;0;46.0000;OUMAIMA;;;;1;VENTE;;;EMPORTER_01
48631;26/07/2024;20:43:48;2376;--> TACOS;COMPO TACOS;0.0000;0.0000;0.0000;2;0;0.0000;OUMAIMA;;;;1;VENTE;;;EMPORTER_01
48631;26/07/2024;20:43:48;10000;--> BIGGY;COMPO TACOS;0.0000;0.0000;0.0000;2;0;0.0000;OUMAIMA;;;;1;VENTE;;;EMPORTER_01
48631;26/07/2024;20:43:48;70240;FRITE;ASSORTIMENTS;3.8000;3.8100;10.0000;2;0;20.0000;OUMAIMA;;;;1;VENTE;;;EMPORTER_01
48632;26/07/2024;20:54:09;1174;TACOS MIXTE;TACOS;0.0000;0.0000;30.0000;1;0;30.0000;OUMAIMA;;;;1;VENTE;;;EMPORTER_01
48632;26/07/2024;20:54:09;2376;--> TACOS;COMPO TACOS;0.0000;0.0000;0.0000;1;0;0.0000;OUMAIMA;;;;1;VENTE;;;EMPORTER_01
48632;26/07/2024;20:54:09;10000;--> BIGGY;COMPO TACOS;0.0000;0.0000;0.0000;1;0;0.0000;OUMAIMA;;;;1;VENTE;;;EMPORTER_01
48632;26/07/2024;20:54:09;70240;FRITE;ASSORTIMENTS;3.8000;3.8100;10.0000;1;0;10.0000;OUMAIMA;;;;1;VENTE;;;EMPORTER_01
48633;26/07/2024;20:54:49;15;EPAULE DE BF;BOUCHERIE;80.0000;80.0000;115.0000;1.785;0;205.2800;OUMAIMA;;;;1;VENTE;;;TABLE_45
48634;26/07/2024;20:55:46;4754;SANDWICH MIX;SANDWICH;0.0000;0.0000;30.0000;1;0;30.0000;OUMAIMA;;;;1;VENTE;;;EMPORTER_02
48634;26/07/2024;20:55:46;70240;FRITE;ASSORTIMENTS;3.8000;3.8100;10.0000;1;0;10.0000;OUMAIMA;;;;1;VENTE;;;EMPORTER_02
48635;26/07/2024;20:57:58;4;VIANDE HACHEE;BOUCHERIE;80.0000;80.0000;115.0000;0.2;0;23.0000;OUMAIMA;;;;1;VENTE;;;TABLE_09
48635;26/07/2024;20:57:58;19;COTLETTE AGN;BOUCHERIE;90.0000;90.0000;160.0000;0.235;0;37.6000;OUMAIMA;;;;1;VENTE;;;TABLE_09
48635;26/07/2024;20:57:58;12;BROCHETTE DE BF;BOUCHERIE;80.0000;80.0000;145.0000;0.15;0;21.7500;OUMAIMA;;;;1;VENTE;;;TABLE_09
48635;26/07/2024;20:57:58;3;SAUCISSE BF;BOUCHERIE;80.0000;80.0000;110.0000;0.075;0;8.2500;OUMAIMA;;;;1;VENTE;;;TABLE_09
48635;26/07/2024;20:57:58;41;ROGNON BF/AGN;BOUCHERIE;0.0000;0.0000;130.0000;0.21;0;27.3000;OUMAIMA;;;;1;VENTE;;;TABLE_09
48635;26/07/2024;20:57:58;175;COUT GRILLADE;GRILLADE;0.0000;0.0000;30.0000;0.81;0;24.3000;OUMAIMA;;;;1;VENTE;;;TABLE_09
48635;26/07/2024;20:57:58;70238;TAGINE CERVEILLE;TAGINE;0.0000;0.0000;40.0000;1;0;40.0000;OUMAIMA;;;;1;VENTE;;;TABLE_09
48635;26/07/2024;20:57:58;CODE_COMM;--> GR N° 7;TAGINE;0.0000;0.0000;0.0000;0;0;0.0000;OUMAIMA;;;;1;VENTE;;;TABLE_09
48635;26/07/2024;20:57:58;3355;ZAALOK;ASSORTIMENTS;0.0000;0.0000;10.0000;1;0;10.0000;OUMAIMA;;;;1;VENTE;;;TABLE_09
48635;26/07/2024;20:57:58;2430;SALADE;ASSORTIMENTS;0.0000;0.0000;15.0000;1;0;15.0000;OUMAIMA;;;;1;VENTE;;;TABLE_09
48636;26/07/2024;20:58:40;175;COUT GRILLADE;GRILLADE;0.0000;0.0000;30.0000;0.345;0;10.3500;OUMAIMA;;;;1;VENTE;;;TABLE_10
48636;26/07/2024;20:58:40;3;SAUCISSE BF;BOUCHERIE;80.0000;80.0000;110.0000;0.09;0;9.9000;OUMAIMA;;;;1;VENTE;;;TABLE_10
48636;26/07/2024;20:58:40;4;VIANDE HACHEE;BOUCHERIE;80.0000;80.0000;115.0000;0.255;0;29.3300;OUMAIMA;;;;1;VENTE;;;TABLE_10
48636;26/07/2024;20:58:40;CODE_COMM;--> GR N° 4;BOUCHERIE;0.0000;0.0000;0.0000;0;0;0.0000;OUMAIMA;;;;1;VENTE;;;TABLE_10
48636;26/07/2024;20:58:40;70240;FRITE;ASSORTIMENTS;3.8000;3.8100;10.0000;1;0;10.0000;OUMAIMA;;;;1;VENTE;;;TABLE_10
48637;26/07/2024;21:01:18;3589;TACOS SAUCISSE;TACOS;0.0000;0.0000;25.0000;1;0;25.0000;OUMAIMA;;;;1;VENTE;;;TABLE_08
48637;26/07/2024;21:01:18;2376;--> TACOS;COMPO TACOS;0.0000;0.0000;0.0000;1;0;0.0000;OUMAIMA;;;;1;VENTE;;;TABLE_08
48637;26/07/2024;21:01:18;4360;--> ALGERIENNE;COMPO TACOS;0.0000;0.0000;0.0000;1;0;0.0000;OUMAIMA;;;;1;VENTE;;;TABLE_08
48637;26/07/2024;21:01:18;3589;TACOS SAUCISSE;TACOS;0.0000;0.0000;25.0000;1;0;25.0000;OUMAIMA;;;;1;VENTE;;;TABLE_08
48637;26/07/2024;21:01:18;2376;--> TACOS;COMPO TACOS;0.0000;0.0000;0.0000;1;0;0.0000;OUMAIMA;;;;1;VENTE;;;TABLE_08
48637;26/07/2024;21:01:18;10000;--> BIGGY;COMPO TACOS;0.0000;0.0000;0.0000;1;0;0.0000;OUMAIMA;;;;1;VENTE;;;TABLE_08
48637;26/07/2024;21:01:18;70240;FRITE;ASSORTIMENTS;3.8000;3.8100;10.0000;1;0;10.0000;OUMAIMA;;;;1;VENTE;;;TABLE_08
48638;26/07/2024;21:08:56;605;PILON PLT MARINEE;BOUCHERIE;0.0000;0.0000;65.0000;0.53;0;34.4500;OUMAIMA;;;;1;VENTE;;;TABLE_08
48638;26/07/2024;21:08:56;4;VIANDE HACHEE;BOUCHERIE;80.0000;80.0000;115.0000;0.255;0;29.3300;OUMAIMA;;;;1;VENTE;;;TABLE_08
48638;26/07/2024;21:08:56;175;COUT GRILLADE;GRILLADE;0.0000;0.0000;30.0000;0.785;0;23.5500;OUMAIMA;;;;1;VENTE;;;TABLE_08
48638;26/07/2024;21:08:56;CODE_COMM;--> GR N° 14;GRILLADE;0.0000;0.0000;0.0000;0;0;0.0000;OUMAIMA;;;;1;VENTE;;;TABLE_08
48638;26/07/2024;21:08:56;5648;SODA 25CL/EAU GAZEUSSE;ASSORTIMENTS;2.5500;0.2800;7.0000;1;0;7.0000;OUMAIMA;;;;1;VENTE;;;TABLE_08
48638;26/07/2024;21:08:56;5648;SODA 25CL/EAU GAZEUSSE;ASSORTIMENTS;2.5500;0.2800;7.0000;1;0;7.0000;OUMAIMA;;;;1;VENTE;;;TABLE_08
48639;26/07/2024;21:14:10;4;VIANDE HACHEE;BOUCHERIE;80.0000;80.0000;115.0000;0.87;0;100.0500;OUMAIMA;;;;1;VENTE;;;TABLE_45
48640;26/07/2024;21:17:46;801;TIHANE VARIE;BOUCHERIE;0.0000;0.0000;129.0000;0.215;0;27.7400;OUMAIMA;;;;1;VENTE;;;TABLE_45
48640;26/07/2024;21:17:46;3;SAUCISSE BF;BOUCHERIE;80.0000;80.0000;110.0000;0.545;0;59.9500;OUMAIMA;;;;1;VENTE;;;TABLE_45
48641;26/07/2024;21:18:51;5617;TACOS POULET;TACOS;0.0000;0.0000;23.0000;3;0;69.0000;OUMAIMA;;;;1;VENTE;;;EMPORTER_02
48641;26/07/2024;21:18:51;2376;--> TACOS;COMPO TACOS;0.0000;0.0000;0.0000;3;0;0.0000;OUMAIMA;;;;1;VENTE;;;EMPORTER_02
48641;26/07/2024;21:18:51;5485;--> SHEEZY;COMPO TACOS;0.0000;0.0000;0.0000;3;0;0.0000;OUMAIMA;;;;1;VENTE;;;EMPORTER_02
48642;26/07/2024;21:19:41;4;VIANDE HACHEE;BOUCHERIE;80.0000;80.0000;115.0000;1;0;115.0000;OUMAIMA;;;;1;VENTE;;;TABLE_45
48643;26/07/2024;21:20:59;618;STEAK BROCHETTE FILET  MARINE;BOUCHERIE;0.0000;0.0000;85.0000;0.245;0;20.8300;OUMAIMA;;;;1;VENTE;;;TABLE_45
48643;26/07/2024;21:20:59;15;EPAULE DE BF;BOUCHERIE;80.0000;80.0000;115.0000;0.435;0;50.0300;OUMAIMA;;;;1;VENTE;;;TABLE_45
48644;26/07/2024;21:21:17;175;COUT GRILLADE;GRILLADE;0.0000;0.0000;30.0000;0.155;0;4.6500;OUMAIMA;;;;1;VENTE;;;TABLE_20
48644;26/07/2024;21:21:17;3;SAUCISSE BF;BOUCHERIE;80.0000;80.0000;110.0000;0.155;0;17.0500;OUMAIMA;;;;1;VENTE;;;TABLE_20
48644;26/07/2024;21:21:17;70238;TAGINE CERVEILLE;TAGINE;0.0000;0.0000;40.0000;1;0;40.0000;OUMAIMA;;;;1;VENTE;;;TABLE_20
48644;26/07/2024;21:21:17;CODE_COMM;--> GR N° 5;TAGINE;0.0000;0.0000;0.0000;0;0;0.0000;OUMAIMA;;;;1;VENTE;;;TABLE_20
48644;26/07/2024;21:21:17;70240;FRITE;ASSORTIMENTS;3.8000;3.8100;10.0000;1;0;10.0000;OUMAIMA;;;;1;VENTE;;;TABLE_20
48645;26/07/2024;21:24:06;5617;TACOS POULET;TACOS;0.0000;0.0000;23.0000;2;0;46.0000;OUMAIMA;;;;1;VENTE;;;EMPORTER_01
48645;26/07/2024;21:24:06;2376;--> TACOS;COMPO TACOS;0.0000;0.0000;0.0000;2;0;0.0000;OUMAIMA;;;;1;VENTE;;;EMPORTER_01
48645;26/07/2024;21:24:06;4360;--> ALGERIENNE;COMPO TACOS;0.0000;0.0000;0.0000;2;0;0.0000;OUMAIMA;;;;1;VENTE;;;EMPORTER_01
48646;26/07/2024;21:24:50;19;COTLETTE AGN;BOUCHERIE;90.0000;90.0000;160.0000;0.505;0;80.8000;OUMAIMA;;;;1;VENTE;;;TABLE_45
48646;26/07/2024;21:24:50;4;VIANDE HACHEE;BOUCHERIE;80.0000;80.0000;115.0000;0.495;0;56.9300;OUMAIMA;;;;1;VENTE;;;TABLE_45
48647;26/07/2024;21:31:03;6;JARRET;BOUCHERIE;80.0000;80.0000;120.0000;2.37;0;284.4000;OUMAIMA;;;;1;VENTE;;;TABLE_45
48647;26/07/2024;21:31:03;618;STEAK BROCHETTE FILET  MARINE;BOUCHERIE;0.0000;0.0000;85.0000;0.24;0;20.4000;OUMAIMA;;;;1;VENTE;;;TABLE_45
48648;26/07/2024;21:31:32;4754;SANDWICH MIX;SANDWICH;0.0000;0.0000;30.0000;1;0;30.0000;OUMAIMA;;;;1;VENTE;;;TABLE_01
48648;26/07/2024;21:31:32;70240;FRITE;ASSORTIMENTS;3.8000;3.8100;10.0000;1;0;10.0000;OUMAIMA;;;;1;VENTE;;;TABLE_01
48648;26/07/2024;21:31:32;8857;THE;ASSORTIMENTS;0.0000;0.0000;7.0000;1;0;7.0000;OUMAIMA;;;;1;VENTE;;;TABLE_01
48649;26/07/2024;21:32:20;5617;TACOS POULET;TACOS;0.0000;0.0000;23.0000;4;0;92.0000;OUMAIMA;;;;1;VENTE;;;EMPORTER_01
48649;26/07/2024;21:32:20;2376;--> TACOS;COMPO TACOS;0.0000;0.0000;0.0000;4;0;0.0000;OUMAIMA;;;;1;VENTE;;;EMPORTER_01
48649;26/07/2024;21:32:20;4360;--> ALGERIENNE;COMPO TACOS;0.0000;0.0000;0.0000;4;0;0.0000;OUMAIMA;;;;1;VENTE;;;EMPORTER_01
48650;26/07/2024;21:33:28;7;RUMSTEAK;BOUCHERIE;80.0000;80.0000;135.0000;0.4;0;54.0000;OUMAIMA;;;;1;VENTE;;;TABLE_45
48650;26/07/2024;21:33:28;14;FAUX FILET;BOUCHERIE;80.0000;80.0000;145.0000;0.405;0;58.7300;OUMAIMA;;;;1;VENTE;;;TABLE_45
48651;26/07/2024;21:33:54;5617;TACOS POULET;TACOS;0.0000;0.0000;23.0000;1;0;23.0000;OUMAIMA;;;;1;VENTE;;;EMPORTER_01
48651;26/07/2024;21:33:54;2376;--> TACOS;COMPO TACOS;0.0000;0.0000;0.0000;1;0;0.0000;OUMAIMA;;;;1;VENTE;;;EMPORTER_01
48651;26/07/2024;21:33:54;10000;--> BIGGY;COMPO TACOS;0.0000;0.0000;0.0000;1;0;0.0000;OUMAIMA;;;;1;VENTE;;;EMPORTER_01
48652;26/07/2024;21:39:14;5617;TACOS POULET;TACOS;0.0000;0.0000;23.0000;1;0;23.0000;OUMAIMA;;;;1;VENTE;;;EMPORTER_01
48652;26/07/2024;21:39:14;2376;--> TACOS;COMPO TACOS;0.0000;0.0000;0.0000;1;0;0.0000;OUMAIMA;;;;1;VENTE;;;EMPORTER_01
48652;26/07/2024;21:39:14;10000;--> BIGGY;COMPO TACOS;0.0000;0.0000;0.0000;1;0;0.0000;OUMAIMA;;;;1;VENTE;;;EMPORTER_01
48653;26/07/2024;21:42:58;3;SAUCISSE BF;BOUCHERIE;80.0000;80.0000;110.0000;1.005;0;110.5500;OUMAIMA;;;;1;VENTE;;;TABLE_45
48653;26/07/2024;21:42:58;4;VIANDE HACHEE;BOUCHERIE;80.0000;80.0000;115.0000;1.045;0;120.1800;OUMAIMA;;;;1;VENTE;;;TABLE_45
48654;26/07/2024;21:44:55;6316;SAND SAUCISSE;GLOVO;0.0000;0.0000;38.0000;1;0;38.0000;OUMAIMA;;;;1;VENTE;;;LIVRAISON_01
48654;26/07/2024;21:44:55;4762;SANDWICH MIX;GLOVO;0.0000;0.0000;40.0000;1;0;40.0000;OUMAIMA;;;;1;VENTE;;;LIVRAISON_01
48654;26/07/2024;21:44:55;6823;TACOS MIX;GLOVO;0.0000;0.0000;45.0000;1;0;45.0000;OUMAIMA;;;;1;VENTE;;;LIVRAISON_01
48654;26/07/2024;21:44:55;2376;--> TACOS;COMPO TACOS;0.0000;0.0000;0.0000;1;0;0.0000;OUMAIMA;;;;1;VENTE;;;LIVRAISON_01
48654;26/07/2024;21:44:55;5485;--> SHEEZY;COMPO TACOS;0.0000;0.0000;0.0000;1;0;0.0000;OUMAIMA;;;;1;VENTE;;;LIVRAISON_01
48654;26/07/2024;21:44:55;1937;FRITE;GLOVO;0.0000;0.0000;14.0000;1;0;14.0000;OUMAIMA;;;;1;VENTE;;;LIVRAISON_01
48654;26/07/2024;21:44:55;CODE_COMM;--> glo;GLOVO;0.0000;0.0000;0.0000;0;0;0.0000;OUMAIMA;;;;1;VENTE;;;LIVRAISON_01
48655;26/07/2024;21:45:26;4;VIANDE HACHEE;BOUCHERIE;80.0000;80.0000;115.0000;0.51;0;58.6500;OUMAIMA;;;;1;VENTE;;;TABLE_45
48656;26/07/2024;21:47:29;5617;TACOS POULET;TACOS;0.0000;0.0000;23.0000;1;0;23.0000;OUMAIMA;;;;1;VENTE;;;TABLE_02
48656;26/07/2024;21:47:29;2376;--> TACOS;COMPO TACOS;0.0000;0.0000;0.0000;1;0;0.0000;OUMAIMA;;;;1;VENTE;;;TABLE_02
48656;26/07/2024;21:47:29;10000;--> BIGGY;COMPO TACOS;0.0000;0.0000;0.0000;1;0;0.0000;OUMAIMA;;;;1;VENTE;;;TABLE_02
48657;26/07/2024;21:49:18;604;PILON NATURE;BOUCHERIE;0.0000;0.0000;60.0000;0.275;0;16.5000;OUMAIMA;;;;1;VENTE;;;TABLE_45
48657;26/07/2024;21:49:18;605;PILON PLT MARINEE;BOUCHERIE;0.0000;0.0000;65.0000;0.265;0;17.2300;OUMAIMA;;;;1;VENTE;;;TABLE_45
48658;26/07/2024;21:49:55;70221;SANDWICH POULET;SANDWICH;0.0000;0.0000;20.0000;1;0;20.0000;OUMAIMA;;;;1;VENTE;;;EMPORTER_01
48658;26/07/2024;21:49:55;70240;FRITE;ASSORTIMENTS;3.8000;3.8100;10.0000;1;0;10.0000;OUMAIMA;;;;1;VENTE;;;EMPORTER_01
48659;26/07/2024;21:52:46;618;STEAK BROCHETTE FILET  MARINE;BOUCHERIE;0.0000;0.0000;85.0000;0.25;0;21.2500;OUMAIMA;;;;1;VENTE;;;TABLE_45
48659;26/07/2024;21:52:46;605;PILON PLT MARINEE;BOUCHERIE;0.0000;0.0000;65.0000;0.23;0;14.9500;OUMAIMA;;;;1;VENTE;;;TABLE_45
48660;26/07/2024;21:55:53;175;COUT GRILLADE;GRILLADE;0.0000;0.0000;30.0000;1.36;0;40.8000;OUMAIMA;;;;1;VENTE;;;EMPORTER_01
48660;26/07/2024;21:55:53;618;STEAK BROCHETTE FILET  MARINE;BOUCHERIE;0.0000;0.0000;85.0000;0.44;0;37.4000;OUMAIMA;;;;1;VENTE;;;EMPORTER_01
48660;26/07/2024;21:55:53;3;SAUCISSE BF;BOUCHERIE;80.0000;80.0000;110.0000;0.42;0;46.2000;OUMAIMA;;;;1;VENTE;;;EMPORTER_01
48660;26/07/2024;21:55:53;4;VIANDE HACHEE;BOUCHERIE;80.0000;80.0000;115.0000;0.5;0;57.5000;OUMAIMA;;;;1;VENTE;;;EMPORTER_01
48660;26/07/2024;21:55:53;70240;FRITE;ASSORTIMENTS;3.8000;3.8100;10.0000;2;0;20.0000;OUMAIMA;;;;1;VENTE;;;EMPORTER_01
48661;26/07/2024;21:57:29;5748;L FAMILA;L FAMILA PLAT;0.0000;0.0000;250.0000;1;0;250.0000;OUMAIMA;;;;1;VENTE;;;EMPORTER_01
48661;26/07/2024;21:57:29;CODE_COMM;--> 22H30;L FAMILA PLAT;0.0000;0.0000;0.0000;0;0;0.0000;OUMAIMA;;;;1;VENTE;;;EMPORTER_01
48661;26/07/2024;21:57:29;19;COTLETTE AGN;BOUCHERIE;90.0000;90.0000;160.0000;0.33;0;52.8000;OUMAIMA;;;;1;VENTE;;;EMPORTER_01
48661;26/07/2024;21:57:29;175;COUT GRILLADE;GRILLADE;0.0000;0.0000;30.0000;0.33;0;9.9000;OUMAIMA;;;;1;VENTE;;;EMPORTER_01
48662;26/07/2024;21:58:06;506;CUISSE POIVRE;BOUCHERIE;67.0000;67.1800;120.0000;0.125;0;15.0000;OUMAIMA;;;;1;VENTE;;;TABLE_45
48663;26/07/2024;21:59:18;618;STEAK BROCHETTE FILET  MARINE;BOUCHERIE;0.0000;0.0000;85.0000;0.475;0;40.3800;OUMAIMA;;;;1;VENTE;;;TABLE_45
48664;26/07/2024;22:00:48;601;FILET DE POULET NATURE;BOUCHERIE;0.0000;0.0000;80.0000;0.355;0;28.4000;OUMAIMA;;;;1;VENTE;;;TABLE_45
48665;26/07/2024;22:01:59;5944;TACOS V HACHEE;GLOVO;0.0000;0.0000;42.0000;1;0;42.0000;OUMAIMA;;;;1;VENTE;;;LIVRAISON_01
48665;26/07/2024;22:01:59;2376;--> TACOS;COMPO TACOS;0.0000;0.0000;0.0000;1;0;0.0000;OUMAIMA;;;;1;VENTE;;;LIVRAISON_01
48665;26/07/2024;22:01:59;4360;--> ALGERIENNE;COMPO TACOS;0.0000;0.0000;0.0000;1;0;0.0000;OUMAIMA;;;;1;VENTE;;;LIVRAISON_01
48665;26/07/2024;22:01:59;5485;--> SHEEZY;COMPO TACOS;0.0000;0.0000;0.0000;1;0;0.0000;OUMAIMA;;;;1;VENTE;;;LIVRAISON_01
48665;26/07/2024;22:01:59;590;BOISSON 25;GLOVO;0.0000;0.0000;10.0000;1;0;10.0000;OUMAIMA;;;;1;VENTE;;;LIVRAISON_01
48665;26/07/2024;22:01:59;9241;--> 7UP;BOISSON;0.0000;0.0000;0.0000;1;0;0.0000;OUMAIMA;;;;1;VENTE;;;LIVRAISON_01
48665;26/07/2024;22:01:59;CODE_COMM;--> glo;BOISSON;0.0000;0.0000;0.0000;0;0;0.0000;OUMAIMA;;;;1;VENTE;;;LIVRAISON_01
48666;26/07/2024;22:03:13;601;FILET DE POULET NATURE;BOUCHERIE;0.0000;0.0000;80.0000;0.375;0;30.0000;OUMAIMA;;;;1;VENTE;;;TABLE_45
48666;26/07/2024;22:03:13;3;SAUCISSE BF;BOUCHERIE;80.0000;80.0000;110.0000;0.37;0;40.7000;OUMAIMA;;;;1;VENTE;;;TABLE_45
48667;26/07/2024;22:14:36;9053;TACOS VIANDE HACHEE;TACOS;0.0000;0.0000;25.0000;1;0;25.0000;OUMAIMA;;;;1;VENTE;;;EMPORTER_06
48667;26/07/2024;22:14:36;2376;--> TACOS;COMPO TACOS;0.0000;0.0000;0.0000;1;0;0.0000;OUMAIMA;;;;1;VENTE;;;EMPORTER_06
48667;26/07/2024;22:14:36;10000;--> BIGGY;COMPO TACOS;0.0000;0.0000;0.0000;1;0;0.0000;OUMAIMA;;;;1;VENTE;;;EMPORTER_06
48667;26/07/2024;22:14:36;70240;FRITE;ASSORTIMENTS;3.8000;3.8100;10.0000;1;0;10.0000;OUMAIMA;;;;1;VENTE;;;EMPORTER_06
48668;26/07/2024;22:14:57;70221;SANDWICH POULET;SANDWICH;0.0000;0.0000;20.0000;2;0;40.0000;OUMAIMA;;;;1;VENTE;;;EMPORTER_03
48668;26/07/2024;22:14:57;70240;FRITE;ASSORTIMENTS;3.8000;3.8100;10.0000;2;0;20.0000;OUMAIMA;;;;1;VENTE;;;EMPORTER_03
48669;26/07/2024;22:18:05;612;SHAWARMA;BOUCHERIE;0.0000;0.0000;85.0000;0.235;0;19.9800;OUMAIMA;;;;1;VENTE;;;TABLE_45
48670;26/07/2024;22:21:42;70223;SANDWICH SAUCISSE;SANDWICH;0.0000;0.0000;23.0000;2;0;46.0000;OUMAIMA;;;;1;VENTE;;;EMPORTER_06
48670;26/07/2024;22:21:42;CODE_COMM;--> ss sauce;SANDWICH;0.0000;0.0000;0.0000;0;0;0.0000;OUMAIMA;;;;1;VENTE;;;EMPORTER_06
48670;26/07/2024;22:21:42;4754;SANDWICH MIX;SANDWICH;0.0000;0.0000;30.0000;1;0;30.0000;OUMAIMA;;;;1;VENTE;;;EMPORTER_06
48670;26/07/2024;22:21:42;CODE_COMM;--> ss sauce ;SANDWICH;0.0000;0.0000;0.0000;0;0;0.0000;OUMAIMA;;;;1;VENTE;;;EMPORTER_06
48670;26/07/2024;22:21:42;CODE_COMM;--> les trois ss tomate;SANDWICH;0.0000;0.0000;0.0000;0;0;0.0000;OUMAIMA;;;;1;VENTE;;;EMPORTER_06
48671;26/07/2024;22:25:24;5617;TACOS POULET;TACOS;0.0000;0.0000;23.0000;1;0;23.0000;OUMAIMA;;;;1;VENTE;;;EMPORTER_01
48671;26/07/2024;22:25:24;2376;--> TACOS;COMPO TACOS;0.0000;0.0000;0.0000;1;0;0.0000;OUMAIMA;;;;1;VENTE;;;EMPORTER_01
48671;26/07/2024;22:25:24;4360;--> ALGERIENNE;COMPO TACOS;0.0000;0.0000;0.0000;1;0;0.0000;OUMAIMA;;;;1;VENTE;;;EMPORTER_01
48671;26/07/2024;22:25:24;10000;--> BIGGY;COMPO TACOS;0.0000;0.0000;0.0000;1;0;0.0000;OUMAIMA;;;;1;VENTE;;;EMPORTER_01
48671;26/07/2024;22:25:24;CODE_COMM;--> ;COMPO TACOS;0.0000;0.0000;0.0000;0;0;0.0000;OUMAIMA;;;;1;VENTE;;;EMPORTER_01
48672;26/07/2024;22:26:40;4;VIANDE HACHEE;BOUCHERIE;80.0000;80.0000;115.0000;0.26;0;29.9000;OUMAIMA;;;;1;VENTE;;;TABLE_45
48672;26/07/2024;22:26:40;605;PILON PLT MARINEE;BOUCHERIE;0.0000;0.0000;65.0000;0.5;0;32.5000;OUMAIMA;;;;1;VENTE;;;TABLE_45
48673;26/07/2024;22:27:28;3589;TACOS SAUCISSE;TACOS;0.0000;0.0000;25.0000;1;0;25.0000;OUMAIMA;;;;1;VENTE;;;EMPORTER_05
48673;26/07/2024;22:27:28;2376;--> TACOS;COMPO TACOS;0.0000;0.0000;0.0000;1;0;0.0000;OUMAIMA;;;;1;VENTE;;;EMPORTER_05
48673;26/07/2024;22:27:28;CODE_COMM;--> ss sauce;COMPO TACOS;0.0000;0.0000;0.0000;0;0;0.0000;OUMAIMA;;;;1;VENTE;;;EMPORTER_05
48674;26/07/2024;22:27:51;9053;TACOS VIANDE HACHEE;TACOS;0.0000;0.0000;25.0000;1;0;25.0000;OUMAIMA;;;;1;VENTE;;;EMPORTER_02
48674;26/07/2024;22:27:51;2376;--> TACOS;COMPO TACOS;0.0000;0.0000;0.0000;1;0;0.0000;OUMAIMA;;;;1;VENTE;;;EMPORTER_02
48674;26/07/2024;22:27:51;5485;--> SHEEZY;COMPO TACOS;0.0000;0.0000;0.0000;1;0;0.0000;OUMAIMA;;;;1;VENTE;;;EMPORTER_02
48675;26/07/2024;22:31:04;1174;TACOS MIXTE;TACOS;0.0000;0.0000;30.0000;1;0;30.0000;OUMAIMA;;;;1;VENTE;;;EMPORTER_04
48675;26/07/2024;22:31:04;2376;--> TACOS;COMPO TACOS;0.0000;0.0000;0.0000;1;0;0.0000;OUMAIMA;;;;1;VENTE;;;EMPORTER_04
48675;26/07/2024;22:31:04;4360;--> ALGERIENNE;COMPO TACOS;0.0000;0.0000;0.0000;1;0;0.0000;OUMAIMA;;;;1;VENTE;;;EMPORTER_04
48675;26/07/2024;22:31:04;1174;TACOS MIXTE;TACOS;0.0000;0.0000;30.0000;2;0;60.0000;OUMAIMA;;;;1;VENTE;;;EMPORTER_04
48675;26/07/2024;22:31:04;2376;--> TACOS;COMPO TACOS;0.0000;0.0000;0.0000;2;0;0.0000;OUMAIMA;;;;1;VENTE;;;EMPORTER_04
48675;26/07/2024;22:31:04;10000;--> BIGGY;COMPO TACOS;0.0000;0.0000;0.0000;2;0;0.0000;OUMAIMA;;;;1;VENTE;;;EMPORTER_04
48675;26/07/2024;22:31:04;70240;FRITE;ASSORTIMENTS;3.8000;3.8100;10.0000;3;0;30.0000;OUMAIMA;;;;1;VENTE;;;EMPORTER_04
48676;26/07/2024;22:31:58;605;PILON PLT MARINEE;BOUCHERIE;0.0000;0.0000;65.0000;0.275;0;17.8800;OUMAIMA;;;;1;VENTE;;;TABLE_45
48677;26/07/2024;22:32:26;175;COUT GRILLADE;GRILLADE;0.0000;0.0000;30.0000;0.51;0;15.3000;OUMAIMA;;;;1;VENTE;;;EMPORTER_01
48677;26/07/2024;22:32:26;605;PILON PLT MARINEE;BOUCHERIE;0.0000;0.0000;65.0000;0.505;0;32.8300;OUMAIMA;;;;1;VENTE;;;EMPORTER_01
48678;26/07/2024;22:35:09;70238;TAGINE CERVEILLE;TAGINE;0.0000;0.0000;40.0000;1;0;40.0000;OUMAIMA;;;;1;VENTE;;;TABLE_01
48678;26/07/2024;22:35:09;9053;TACOS VIANDE HACHEE;TACOS;0.0000;0.0000;25.0000;1;0;25.0000;OUMAIMA;;;;1;VENTE;;;TABLE_01
48678;26/07/2024;22:35:09;2376;--> TACOS;COMPO TACOS;0.0000;0.0000;0.0000;1;0;0.0000;OUMAIMA;;;;1;VENTE;;;TABLE_01
48678;26/07/2024;22:35:09;4360;--> ALGERIENNE;COMPO TACOS;0.0000;0.0000;0.0000;1;0;0.0000;OUMAIMA;;;;1;VENTE;;;TABLE_01
48678;26/07/2024;22:35:09;9053;TACOS VIANDE HACHEE;TACOS;0.0000;0.0000;25.0000;1;0;25.0000;OUMAIMA;;;;1;VENTE;;;TABLE_01
48678;26/07/2024;22:35:09;2376;--> TACOS;COMPO TACOS;0.0000;0.0000;0.0000;1;0;0.0000;OUMAIMA;;;;1;VENTE;;;TABLE_01
48678;26/07/2024;22:35:09;4360;--> ALGERIENNE;COMPO TACOS;0.0000;0.0000;0.0000;1;0;0.0000;OUMAIMA;;;;1;VENTE;;;TABLE_01
48679;26/07/2024;22:35:52;175;COUT GRILLADE;GRILLADE;0.0000;0.0000;30.0000;0.825;0;24.7500;OUMAIMA;;;;1;VENTE;;;EMPORTER_01
48679;26/07/2024;22:35:52;4;VIANDE HACHEE;BOUCHERIE;80.0000;80.0000;115.0000;0.525;0;60.3800;OUMAIMA;;;;1;VENTE;;;EMPORTER_01
48679;26/07/2024;22:35:52;618;STEAK BROCHETTE FILET  MARINE;BOUCHERIE;0.0000;0.0000;85.0000;0.3;0;25.5000;OUMAIMA;;;;1;VENTE;;;EMPORTER_01
48680;26/07/2024;22:43:18;618;STEAK BROCHETTE FILET  MARINE;BOUCHERIE;0.0000;0.0000;85.0000;0.505;0;42.9300;OUMAIMA;;;;1;VENTE;;;TABLE_45
48680;26/07/2024;22:43:18;4;VIANDE HACHEE;BOUCHERIE;80.0000;80.0000;115.0000;0.505;0;58.0800;OUMAIMA;;;;1;VENTE;;;TABLE_45
48681;26/07/2024;22:44:21;1174;TACOS MIXTE;TACOS;0.0000;0.0000;30.0000;1;0;30.0000;OUMAIMA;;;;1;VENTE;;;EMPORTER_02
48681;26/07/2024;22:44:21;2376;--> TACOS;COMPO TACOS;0.0000;0.0000;0.0000;1;0;0.0000;OUMAIMA;;;;1;VENTE;;;EMPORTER_02
48681;26/07/2024;22:44:21;4360;--> ALGERIENNE;COMPO TACOS;0.0000;0.0000;0.0000;1;0;0.0000;OUMAIMA;;;;1;VENTE;;;EMPORTER_02
48681;26/07/2024;22:44:21;10000;--> BIGGY;COMPO TACOS;0.0000;0.0000;0.0000;1;0;0.0000;OUMAIMA;;;;1;VENTE;;;EMPORTER_02
48681;26/07/2024;22:44:21;70240;FRITE;ASSORTIMENTS;3.8000;3.8100;10.0000;1;0;10.0000;OUMAIMA;;;;1;VENTE;;;EMPORTER_02
48682;26/07/2024;22:48:03;5617;TACOS POULET;TACOS;0.0000;0.0000;23.0000;1;0;23.0000;OUMAIMA;;;;1;VENTE;;;EMPORTER_03
48682;26/07/2024;22:48:03;2376;--> TACOS;COMPO TACOS;0.0000;0.0000;0.0000;1;0;0.0000;OUMAIMA;;;;1;VENTE;;;EMPORTER_03
48682;26/07/2024;22:48:03;4360;--> ALGERIENNE;COMPO TACOS;0.0000;0.0000;0.0000;1;0;0.0000;OUMAIMA;;;;1;VENTE;;;EMPORTER_03
48682;26/07/2024;22:48:03;10000;--> BIGGY;COMPO TACOS;0.0000;0.0000;0.0000;1;0;0.0000;OUMAIMA;;;;1;VENTE;;;EMPORTER_03
48682;26/07/2024;22:48:03;CODE_COMM;--> saucisse plt;COMPO TACOS;0.0000;0.0000;0.0000;0;0;0.0000;OUMAIMA;;;;1;VENTE;;;EMPORTER_03
48682;26/07/2024;22:48:03;505;JAMBON FUME;BOUCHERIE;66.0000;68.4300;120.0000;0.085;0;10.2000;OUMAIMA;;;;1;VENTE;;;EMPORTER_03
48682;26/07/2024;22:48:03;70240;FRITE;ASSORTIMENTS;3.8000;3.8100;10.0000;1;0;10.0000;OUMAIMA;;;;1;VENTE;;;EMPORTER_03
48683;26/07/2024;22:49:29;5617;TACOS POULET;TACOS;0.0000;0.0000;23.0000;1;0;23.0000;OUMAIMA;;;;1;VENTE;;;EMPORTER_01
48683;26/07/2024;22:49:29;2376;--> TACOS;COMPO TACOS;0.0000;0.0000;0.0000;1;0;0.0000;OUMAIMA;;;;1;VENTE;;;EMPORTER_01
48683;26/07/2024;22:49:29;10000;--> BIGGY;COMPO TACOS;0.0000;0.0000;0.0000;1;0;0.0000;OUMAIMA;;;;1;VENTE;;;EMPORTER_01
48683;26/07/2024;22:49:29;6152;--> TARTAR;COMPO TACOS;0.0000;0.0000;0.0000;1;0;0.0000;OUMAIMA;;;;1;VENTE;;;EMPORTER_01
48683;26/07/2024;22:49:29;CODE_COMM;--> klilaaa;COMPO TACOS;0.0000;0.0000;0.0000;0;0;0.0000;OUMAIMA;;;;1;VENTE;;;EMPORTER_01
48683;26/07/2024;22:49:29;CODE_COMM;--> ss frite;COMPO TACOS;0.0000;0.0000;0.0000;0;0;0.0000;OUMAIMA;;;;1;VENTE;;;EMPORTER_01
48684;26/07/2024;22:55:14;9053;TACOS VIANDE HACHEE;TACOS;0.0000;0.0000;25.0000;1;0;25.0000;OUMAIMA;;;;1;VENTE;;;EMPORTER_04
48684;26/07/2024;22:55:14;2376;--> TACOS;COMPO TACOS;0.0000;0.0000;0.0000;1;0;0.0000;OUMAIMA;;;;1;VENTE;;;EMPORTER_04
48684;26/07/2024;22:55:14;4360;--> ALGERIENNE;COMPO TACOS;0.0000;0.0000;0.0000;1;0;0.0000;OUMAIMA;;;;1;VENTE;;;EMPORTER_04
48685;26/07/2024;22:59:18;3;SAUCISSE BF;BOUCHERIE;80.0000;80.0000;110.0000;0.52;0;57.2000;OUMAIMA;;;;1;VENTE;;;EMPORTER_01
48685;26/07/2024;22:59:18;4;VIANDE HACHEE;BOUCHERIE;80.0000;80.0000;115.0000;0.515;0;59.2300;OUMAIMA;;;;1;VENTE;;;EMPORTER_01
48685;26/07/2024;22:59:18;605;PILON PLT MARINEE;BOUCHERIE;0.0000;0.0000;65.0000;1.095;0;71.1800;OUMAIMA;;;;1;VENTE;;;EMPORTER_01
48685;26/07/2024;22:59:18;175;COUT GRILLADE;GRILLADE;0.0000;0.0000;30.0000;2.13;0;63.9000;OUMAIMA;;;;1;VENTE;;;EMPORTER_01
48686;26/07/2024;23:03:36;5617;TACOS POULET;TACOS;0.0000;0.0000;23.0000;1;0;23.0000;OUMAIMA;;;;1;VENTE;;;EMPORTER_02
48686;26/07/2024;23:03:36;2376;--> TACOS;COMPO TACOS;0.0000;0.0000;0.0000;1;0;0.0000;OUMAIMA;;;;1;VENTE;;;EMPORTER_02
48686;26/07/2024;23:03:36;4360;--> ALGERIENNE;COMPO TACOS;0.0000;0.0000;0.0000;1;0;0.0000;OUMAIMA;;;;1;VENTE;;;EMPORTER_02
48686;26/07/2024;23:03:36;10000;--> BIGGY;COMPO TACOS;0.0000;0.0000;0.0000;1;0;0.0000;OUMAIMA;;;;1;VENTE;;;EMPORTER_02
48687;26/07/2024;23:05:16;611;NUGGETS;BOUCHERIE;51.0000;49.9200;80.0000;0.505;0;40.4000;OUMAIMA;;;;1;VENTE;;;TABLE_45
48687;26/07/2024;23:05:16;614;CORDON BLEU;BOUCHERIE;62.0000;62.0000;90.0000;0.67;0;60.3000;OUMAIMA;;;;1;VENTE;;;TABLE_45
48688;26/07/2024;23:07:18;4;VIANDE HACHEE;BOUCHERIE;80.0000;80.0000;115.0000;1.515;0;174.2300;OUMAIMA;;;;1;VENTE;;;EMPORTER_01
48688;26/07/2024;23:07:18;175;COUT GRILLADE;GRILLADE;0.0000;0.0000;30.0000;1.515;0;45.4500;OUMAIMA;;;;1;VENTE;;;EMPORTER_01
48689;26/07/2024;23:09:29;3;SAUCISSE BF;BOUCHERIE;80.0000;80.0000;110.0000;0.195;0;21.4500;OUMAIMA;;;;1;VENTE;;;TABLE_45
48690;26/07/2024;23:11:01;9053;TACOS VIANDE HACHEE;TACOS;0.0000;0.0000;25.0000;3;0;75.0000;OUMAIMA;;;;1;VENTE;;;EMPORTER_01
48690;26/07/2024;23:11:01;2376;--> TACOS;COMPO TACOS;0.0000;0.0000;0.0000;3;0;0.0000;OUMAIMA;;;;1;VENTE;;;EMPORTER_01
48690;26/07/2024;23:11:01;5485;--> SHEEZY;COMPO TACOS;0.0000;0.0000;0.0000;3;0;0.0000;OUMAIMA;;;;1;VENTE;;;EMPORTER_01
48690;26/07/2024;23:11:01;6152;--> TARTAR;COMPO TACOS;0.0000;0.0000;0.0000;3;0;0.0000;OUMAIMA;;;;1;VENTE;;;EMPORTER_01
48691;26/07/2024;23:12:25;5617;TACOS POULET;TACOS;0.0000;0.0000;23.0000;1;0;23.0000;OUMAIMA;;;;1;VENTE;;;EMPORTER_02
48691;26/07/2024;23:12:25;2376;--> TACOS;COMPO TACOS;0.0000;0.0000;0.0000;1;0;0.0000;OUMAIMA;;;;1;VENTE;;;EMPORTER_02
48691;26/07/2024;23:12:25;10000;--> BIGGY;COMPO TACOS;0.0000;0.0000;0.0000;1;0;0.0000;OUMAIMA;;;;1;VENTE;;;EMPORTER_02
48692;26/07/2024;23:12:42;9053;TACOS VIANDE HACHEE;TACOS;0.0000;0.0000;25.0000;2;0;50.0000;OUMAIMA;;;;1;VENTE;;;EMPORTER_01
48692;26/07/2024;23:12:42;2376;--> TACOS;COMPO TACOS;0.0000;0.0000;0.0000;2;0;0.0000;OUMAIMA;;;;1;VENTE;;;EMPORTER_01
48692;26/07/2024;23:12:42;7385;--> ANDALOUS;COMPO TACOS;0.0000;0.0000;0.0000;2;0;0.0000;OUMAIMA;;;;1;VENTE;;;EMPORTER_01
48692;26/07/2024;23:12:42;10000;--> BIGGY;COMPO TACOS;0.0000;0.0000;0.0000;2;0;0.0000;OUMAIMA;;;;1;VENTE;;;EMPORTER_01
48693;26/07/2024;23:15:46;5617;TACOS POULET;TACOS;0.0000;0.0000;23.0000;3;0;69.0000;OUMAIMA;;;;1;VENTE;;;EMPORTER_01
48693;26/07/2024;23:15:46;2376;--> TACOS;COMPO TACOS;0.0000;0.0000;0.0000;3;0;0.0000;OUMAIMA;;;;1;VENTE;;;EMPORTER_01
48693;26/07/2024;23:15:46;CODE_COMM;--> ss sauce;COMPO TACOS;0.0000;0.0000;0.0000;0;0;0.0000;OUMAIMA;;;;1;VENTE;;;EMPORTER_01
48693;26/07/2024;23:15:46;5617;TACOS POULET;TACOS;0.0000;0.0000;23.0000;1;0;23.0000;OUMAIMA;;;;1;VENTE;;;EMPORTER_01
48693;26/07/2024;23:15:46;2376;--> TACOS;COMPO TACOS;0.0000;0.0000;0.0000;1;0;0.0000;OUMAIMA;;;;1;VENTE;;;EMPORTER_01
48693;26/07/2024;23:15:46;4360;--> ALGERIENNE;COMPO TACOS;0.0000;0.0000;0.0000;1;0;0.0000;OUMAIMA;;;;1;VENTE;;;EMPORTER_01
48694;26/07/2024;23:16:28;175;COUT GRILLADE;GRILLADE;0.0000;0.0000;30.0000;0.755;0;22.6500;OUMAIMA;;;;1;VENTE;;;EMPORTER_01
48694;26/07/2024;23:16:28;3;SAUCISSE BF;BOUCHERIE;80.0000;80.0000;110.0000;0.255;0;28.0500;OUMAIMA;;;;1;VENTE;;;EMPORTER_01
48694;26/07/2024;23:16:28;4;VIANDE HACHEE;BOUCHERIE;80.0000;80.0000;115.0000;0.495;0;56.9300;OUMAIMA;;;;1;VENTE;;;EMPORTER_01
48695;26/07/2024;23:27:06;4;VIANDE HACHEE;BOUCHERIE;80.0000;80.0000;115.0000;0.435;0;50.0300;OUMAIMA;;;;1;VENTE;;;TABLE_45
48696;26/07/2024;23:47:10;501;EDAM;BOUCHERIE;91.4300;91.6800;130.0000;0.2;0;26.0000;OUMAIMA;;;;1;VENTE;;;TABLE_44
48696;26/07/2024;23:47:10;600;FILET DE DINDE NATURE;BOUCHERIE;0.0000;0.0000;85.0000;0.595;0;50.5800;OUMAIMA;;;;1;VENTE;;;TABLE_44
48697;26/07/2024;23:53:09;4;VIANDE HACHEE;BOUCHERIE;80.0000;80.0000;115.0000;0.3;0;34.5000;OUMAIMA;;;;1;VENTE;;;TABLE_10
48697;26/07/2024;23:53:09;175;COUT GRILLADE;GRILLADE;0.0000;0.0000;30.0000;0.3;0;9.0000;OUMAIMA;;;;1;VENTE;;;TABLE_10
48697;26/07/2024;23:53:09;CODE_COMM;--> GR N° 5;GRILLADE;0.0000;0.0000;0.0000;0;0;0.0000;OUMAIMA;;;;1;VENTE;;;TABLE_10
48697;26/07/2024;23:53:09;3;SAUCISSE BF;BOUCHERIE;80.0000;80.0000;110.0000;0.495;0;54.4500;OUMAIMA;;;;1;VENTE;;;TABLE_10
48697;26/07/2024;23:53:09;4;VIANDE HACHEE;BOUCHERIE;80.0000;80.0000;115.0000;0.51;0;58.6500;OUMAIMA;;;;1;VENTE;;;TABLE_10
48697;26/07/2024;23:53:09;19;COTLETTE AGN;BOUCHERIE;90.0000;90.0000;160.0000;0.575;0;92.0000;OUMAIMA;;;;1;VENTE;;;TABLE_10
48697;26/07/2024;23:53:09;3;SAUCISSE BF;BOUCHERIE;80.0000;80.0000;110.0000;0.525;0;57.7500;OUMAIMA;;;;1;VENTE;;;TABLE_10
48697;26/07/2024;23:53:09;175;COUT GRILLADE;GRILLADE;0.0000;0.0000;30.0000;2.105;0;63.1500;OUMAIMA;;;;1;VENTE;;;TABLE_10
48697;26/07/2024;23:53:09;6014;TOMATE OIGNON GRILLEE;ASSORTIMENTS;0.0000;0.0000;15.0000;1;0;15.0000;OUMAIMA;;;;1;VENTE;;;TABLE_10
48697;26/07/2024;23:53:09;6014;TOMATE OIGNON GRILLEE;ASSORTIMENTS;0.0000;0.0000;15.0000;1;0;15.0000;OUMAIMA;;;;1;VENTE;;;TABLE_10
48697;26/07/2024;23:53:09;7798;THE MOYEN;ASSORTIMENTS;0.0000;0.0000;12.0000;1;0;12.0000;OUMAIMA;;;;1;VENTE;;;TABLE_10
48697;26/07/2024;23:53:09;CODE_COMM;--> SOKARE BRA;ASSORTIMENTS;0.0000;0.0000;0.0000;0;0;0.0000;OUMAIMA;;;;1;VENTE;;;TABLE_10
